question,file_a,file_b,jaccard_k_shingles,cosine_tokens
1,q1_abscl.c,q1_acmm.c,0.081081,0.936359
1,q1_abscl.c,q1_afo.c,0.092308,0.983066
1,q1_abscl.c,q1_amfgs.c,0.106061,0.973415
1,q1_abscl.c,q1_argmq.c,0.075862,0.942040
1,q1_abscl.c,q1_barlf.c,0.115942,0.976931
1,q1_abscl.c,q1_bgnp.c,0.137405,0.963325
1,q1_abscl.c,q1_bpol.c,0.046512,0.508599
1,q1_abscl.c,q1_bssah.c,0.093750,0.957131
1,q1_abscl.c,q1_chccp.c,0.106061,0.976126
1,q1_abscl.c,q1_dfm.c,0.132353,0.976931
1,q1_abscl.c,q1_dgsx.c,0.051471,0.893860
1,q1_abscl.c,q1_dlc.c,0.106061,0.973415
1,q1_abscl.c,q1_dsob.c,0.044118,0.855457
1,q1_abscl.c,q1_fal.c,0.058394,0.941562
1,q1_abscl.c,q1_fcs.c,0.131783,0.973415
1,q1_abscl.c,q1_fem.c,0.097744,0.973415
1,q1_abscl.c,q1_gtc.c,0.106061,0.973415
1,q1_abscl.c,q1_igds.c,0.061538,0.955587
1,q1_abscl.c,q1_jagd.c,0.000000,0.000000
1,q1_abscl.c,q1_jcvg.c,0.106061,0.973415
1,q1_abscl.c,q1_jppp.c,0.110236,0.952732
1,q1_abscl.c,q1_lbas2.c,0.120000,0.957131
1,q1_abscl.c,q1_lgof.c,0.097015,0.972140
1,q1_abscl.c,q1_lrvo.c,0.089552,0.976126
1,q1_abscl.c,q1_mahf.c,0.093750,0.957131
1,q1_abscl.c,q1_maolf.c,0.039216,0.832943
1,q1_abscl.c,q1_meso.c,0.047297,0.911204
1,q1_abscl.c,q1_mfpc.c,0.100000,0.974481
1,q1_abscl.c,q1_mgfm.c,0.044776,0.880342
1,q1_abscl.c,q1_mmrm.c,0.132812,0.970548
1,q1_abscl.c,q1_mtd.c,0.028369,0.847494
1,q1_abscl.c,q1_rvm2.c,0.047619,0.921325
1,q1_abscl.c,q1_smbsa.c,0.116279,0.980213
1,q1_abscl.c,q1_vgjda2.c,0.105263,0.966218
1,q1_abscl.c,q1_wmsn.c,0.130769,0.972140
1,q1_acmm.c,q1_afo.c,0.222222,0.948397
1,q1_acmm.c,q1_amfgs.c,0.234375,0.970475
1,q1_acmm.c,q1_argmq.c,0.105263,0.938270
1,q1_acmm.c,q1_barlf.c,0.129252,0.952996
1,q1_acmm.c,q1_bgnp.c,0.125874,0.940242
1,q1_acmm.c,q1_bpol.c,0.073684,0.569518
1,q1_acmm.c,q1_bssah.c,0.117647,0.956852
1,q1_acmm.c,q1_chccp.c,0.234375,0.968186
1,q1_acmm.c,q1_dfm.c,0.129252,0.952996
1,q1_acmm.c,q1_dgsx.c,0.099291,0.917984
1,q1_acmm.c,q1_dlc.c,0.234375,0.970475
1,q1_acmm.c,q1_dsob.c,0.084507,0.869147
1,q1_acmm.c,q1_fal.c,0.162963,0.925267
1,q1_acmm.c,q1_fcs.c,0.274194,0.970475
1,q1_acmm.c,q1_fem.c,0.224806,0.970475
1,q1_acmm.c,q1_gtc.c,0.234375,0.970475
1,q1_acmm.c,q1_igds.c,0.111111,0.921886
1,q1_acmm.c,q1_jagd.c,0.000000,0.000000
1,q1_acmm.c,q1_jcvg.c,0.234375,0.970475
1,q1_acmm.c,q1_jppp.c,0.116788,0.953810
1,q1_acmm.c,q1_lbas2.c,0.142857,0.956852
1,q1_acmm.c,q1_lgof.c,0.204545,0.969204
1,q1_acmm.c,q1_lrvo.c,0.179104,0.968186
1,q1_acmm.c,q1_mahf.c,0.117647,0.956852
1,q1_acmm.c,q1_maolf.c,0.147651,0.884463
1,q1_acmm.c,q1_meso.c,0.192857,0.950698
1,q1_acmm.c,q1_mfpc.c,0.220472,0.957689
1,q1_acmm.c,q1_mgfm.c,0.160305,0.912670
1,q1_acmm.c,q1_mmrm.c,0.121429,0.963719
1,q1_acmm.c,q1_mtd.c,0.068027,0.910515
1,q1_acmm.c,q1_rvm2.c,0.169014,0.959981
1,q1_acmm.c,q1_smbsa.c,0.218750,0.949755
1,q1_acmm.c,q1_vgjda2.c,0.195489,0.969995
1,q1_acmm.c,q1_wmsn.c,0.251969,0.969204
1,q1_afo.c,q1_amfgs.c,0.686747,0.990441
1,q1_afo.c,q1_argmq.c,0.239669,0.951138
1,q1_afo.c,q1_barlf.c,0.409524,0.981737
1,q1_afo.c,q1_bgnp.c,0.311927,0.974465
1,q1_afo.c,q1_bpol.c,0.090909,0.477913
1,q1_afo.c,q1_bssah.c,0.410526,0.979329
1,q1_afo.c,q1_chccp.c,0.590909,0.987666
1,q1_afo.c,q1_dfm.c,0.321429,0.979187
1,q1_afo.c,q1_dgsx.c,0.151261,0.911288
1,q1_afo.c,q1_dlc.c,0.686747,0.990441
1,q1_afo.c,q1_dsob.c,0.142857,0.891021
1,q1_afo.c,q1_fal.c,0.336538,0.963398
1,q1_afo.c,q1_fcs.c,0.538462,0.987666
1,q1_afo.c,q1_fem.c,0.686747,0.990441
1,q1_afo.c,q1_gtc.c,0.686747,0.990441
1,q1_afo.c,q1_igds.c,0.178571,0.968225
1,q1_afo.c,q1_jagd.c,0.000000,0.000000
1,q1_afo.c,q1_jcvg.c,0.686747,0.990441
1,q1_afo.c,q1_jppp.c,0.250000,0.971855
1,q1_afo.c,q1_lbas2.c,0.313725,0.976370
1,q1_afo.c,q1_lgof.c,0.602273,0.989144
1,q1_afo.c,q1_lrvo.c,0.372549,0.987666
1,q1_afo.c,q1_mahf.c,0.410526,0.979329
1,q1_afo.c,q1_maolf.c,0.214286,0.843966
1,q1_afo.c,q1_meso.c,0.342342,0.919266
1,q1_afo.c,q1_mfpc.c,0.574713,0.994156
1,q1_afo.c,q1_mgfm.c,0.145299,0.900759
1,q1_afo.c,q1_mmrm.c,0.323810,0.978706
1,q1_afo.c,q1_mtd.c,0.103175,0.867149
1,q1_afo.c,q1_rvm2.c,0.309735,0.927382
1,q1_afo.c,q1_smbsa.c,0.483871,0.994224
1,q1_afo.c,q1_vgjda2.c,0.584270,0.985834
1,q1_afo.c,q1_wmsn.c,0.468750,0.986373
1,q1_amfgs.c,q1_argmq.c,0.232000,0.938423
1,q1_amfgs.c,q1_barlf.c,0.394495,0.967372
1,q1_amfgs.c,q1_bgnp.c,0.267241,0.964280
1,q1_amfgs.c,q1_bpol.c,0.086420,0.532509
1,q1_amfgs.c,q1_bssah.c,0.500000,0.993673
1,q1_amfgs.c,q1_chccp.c,0.870130,0.997375
1,q1_amfgs.c,q1_dfm.c,0.299145,0.964960
1,q1_amfgs.c,q1_dgsx.c,0.146341,0.912104
1,q1_amfgs.c,q1_dlc.c,1.000000,1.000000
1,q1_amfgs.c,q1_dsob.c,0.138211,0.882620
1,q1_amfgs.c,q1_fal.c,0.276786,0.955748
1,q1_amfgs.c,q1_fcs.c,0.694118,0.997375
1,q1_amfgs.c,q1_fem.c,0.694118,1.000000
1,q1_amfgs.c,q1_gtc.c,1.000000,1.000000
1,q1_amfgs.c,q1_igds.c,0.172414,0.964042
1,q1_amfgs.c,q1_jagd.c,0.000000,0.000000
1,q1_amfgs.c,q1_jcvg.c,1.000000,1.000000
1,q1_amfgs.c,q1_jppp.c,0.299065,0.986906
1,q1_amfgs.c,q1_lbas2.c,0.366337,0.990874
1,q1_amfgs.c,q1_lgof.c,0.611111,0.998690
1,q1_amfgs.c,q1_lrvo.c,0.371429,0.997375
1,q1_amfgs.c,q1_mahf.c,0.500000,0.993673
1,q1_amfgs.c,q1_maolf.c,0.226562,0.876906
1,q1_amfgs.c,q1_meso.c,0.530000,0.952106
1,q1_amfgs.c,q1_mfpc.c,0.584270,0.995848
1,q1_amfgs.c,q1_mgfm.c,0.140496,0.904007
1,q1_amfgs.c,q1_mmrm.c,0.474227,0.991072
1,q1_amfgs.c,q1_mtd.c,0.100000,0.889209
1,q1_amfgs.c,q1_rvm2.c,0.310345,0.960119
1,q1_amfgs.c,q1_smbsa.c,0.463918,0.984591
1,q1_amfgs.c,q1_vgjda2.c,0.858974,0.996059
1,q1_amfgs.c,q1_wmsn.c,0.611111,0.996069
1,q1_argmq.c,q1_barlf.c,0.275591,0.977827
1,q1_argmq.c,q1_bgnp.c,0.276423,0.969079
1,q1_argmq.c,q1_bpol.c,0.076923,0.480207
1,q1_argmq.c,q1_bssah.c,0.357798,0.913309
1,q1_argmq.c,q1_chccp.c,0.193798,0.928774
1,q1_argmq.c,q1_dfm.c,0.165468,0.975610
1,q1_argmq.c,q1_dgsx.c,0.143939,0.912983
1,q1_argmq.c,q1_dlc.c,0.232000,0.938423
1,q1_argmq.c,q1_dsob.c,0.136364,0.925175
1,q1_argmq.c,q1_fal.c,0.133333,0.962477
1,q1_argmq.c,q1_fcs.c,0.166667,0.936011
1,q1_argmq.c,q1_fem.c,0.232000,0.938423
1,q1_argmq.c,q1_gtc.c,0.232000,0.938423
1,q1_argmq.c,q1_igds.c,0.106061,0.916438
1,q1_argmq.c,q1_jagd.c,0.000000,0.000000
1,q1_argmq.c,q1_jcvg.c,0.232000,0.938423
1,q1_argmq.c,q1_jppp.c,0.262712,0.914842
1,q1_argmq.c,q1_lbas2.c,0.264957,0.910736
1,q1_argmq.c,q1_lgof.c,0.210938,0.937194
1,q1_argmq.c,q1_lrvo.c,0.149254,0.928774
1,q1_argmq.c,q1_mahf.c,0.357798,0.913309
1,q1_argmq.c,q1_maolf.c,0.070513,0.869094
1,q1_argmq.c,q1_meso.c,0.101351,0.903516
1,q1_argmq.c,q1_mfpc.c,0.208000,0.933105
1,q1_argmq.c,q1_mgfm.c,0.138462,0.896413
1,q1_argmq.c,q1_mmrm.c,0.285714,0.925893
1,q1_argmq.c,q1_mtd.c,0.092857,0.872659
1,q1_argmq.c,q1_rvm2.c,0.094595,0.905292
1,q1_argmq.c,q1_smbsa.c,0.169231,0.950462
1,q1_argmq.c,q1_vgjda2.c,0.240000,0.951928
1,q1_argmq.c,q1_wmsn.c,0.148148,0.934785
1,q1_barlf.c,q1_bgnp.c,0.260163,0.973948
1,q1_barlf.c,q1_bpol.c,0.078652,0.452503
1,q1_barlf.c,q1_bssah.c,0.351852,0.941609
1,q1_barlf.c,q1_chccp.c,0.333333,0.964960
1,q1_barlf.c,q1_dfm.c,0.467890,0.997783
1,q1_barlf.c,q1_dgsx.c,0.137405,0.904370
1,q1_barlf.c,q1_dlc.c,0.394495,0.967372
1,q1_barlf.c,q1_dsob.c,0.129771,0.881879
1,q1_barlf.c,q1_fal.c,0.179688,0.949746
1,q1_barlf.c,q1_fcs.c,0.310345,0.964960
1,q1_barlf.c,q1_fem.c,0.394495,0.967372
1,q1_barlf.c,q1_gtc.c,0.394495,0.967372
1,q1_barlf.c,q1_igds.c,0.152000,0.938521
1,q1_barlf.c,q1_jagd.c,0.000000,0.000000
1,q1_barlf.c,q1_jcvg.c,0.394495,0.967372
1,q1_barlf.c,q1_jppp.c,0.214876,0.935516
1,q1_barlf.c,q1_lbas2.c,0.269565,0.939036
1,q1_barlf.c,q1_lgof.c,0.342105,0.966105
1,q1_barlf.c,q1_lrvo.c,0.245902,0.964960
1,q1_barlf.c,q1_mahf.c,0.351852,0.941609
1,q1_barlf.c,q1_maolf.c,0.107383,0.834835
1,q1_barlf.c,q1_meso.c,0.175182,0.905410
1,q1_barlf.c,q1_mfpc.c,0.366972,0.968701
1,q1_barlf.c,q1_mgfm.c,0.131783,0.890457
1,q1_barlf.c,q1_mmrm.c,0.290598,0.955841
1,q1_barlf.c,q1_mtd.c,0.094203,0.854204
1,q1_barlf.c,q1_rvm2.c,0.185185,0.912899
1,q1_barlf.c,q1_smbsa.c,0.315789,0.980796
1,q1_barlf.c,q1_vgjda2.c,0.366071,0.964069
1,q1_barlf.c,q1_wmsn.c,0.264463,0.963696
1,q1_bgnp.c,q1_bpol.c,0.083333,0.507046
1,q1_bgnp.c,q1_bssah.c,0.396040,0.943601
1,q1_bgnp.c,q1_chccp.c,0.225000,0.958982
1,q1_bgnp.c,q1_dfm.c,0.371681,0.976383
1,q1_bgnp.c,q1_dgsx.c,0.133858,0.939516
1,q1_bgnp.c,q1_dlc.c,0.267241,0.964280
1,q1_bgnp.c,q1_dsob.c,0.144000,0.923372
1,q1_bgnp.c,q1_fal.c,0.158730,0.973039
1,q1_bgnp.c,q1_fcs.c,0.348624,0.966929
1,q1_bgnp.c,q1_fem.c,0.267241,0.964280
1,q1_bgnp.c,q1_gtc.c,0.267241,0.964280
1,q1_bgnp.c,q1_igds.c,0.130081,0.948772
1,q1_bgnp.c,q1_jagd.c,0.000000,0.000000
1,q1_bgnp.c,q1_jcvg.c,0.267241,0.964280
1,q1_bgnp.c,q1_jppp.c,0.434343,0.950692
1,q1_bgnp.c,q1_lbas2.c,0.516129,0.946426
1,q1_bgnp.c,q1_lgof.c,0.223140,0.963017
1,q1_bgnp.c,q1_lrvo.c,0.195122,0.958982
1,q1_bgnp.c,q1_mahf.c,0.396040,0.943601
1,q1_bgnp.c,q1_maolf.c,0.088435,0.887054
1,q1_bgnp.c,q1_meso.c,0.138686,0.931854
1,q1_bgnp.c,q1_mfpc.c,0.263158,0.957660
1,q1_bgnp.c,q1_mgfm.c,0.119048,0.922239
1,q1_bgnp.c,q1_mmrm.c,0.377358,0.956455
1,q1_bgnp.c,q1_mtd.c,0.097744,0.897492
1,q1_bgnp.c,q1_rvm2.c,0.174242,0.937735
1,q1_bgnp.c,q1_smbsa.c,0.355140,0.982659
1,q1_bgnp.c,q1_vgjda2.c,0.275862,0.970670
1,q1_bgnp.c,q1_wmsn.c,0.298246,0.965663
1,q1_bpol.c,q1_bssah.c,0.093333,0.546463
1,q1_bpol.c,q1_chccp.c,0.086420,0.532509
1,q1_bpol.c,q1_dfm.c,0.078652,0.452503
1,q1_bpol.c,q1_dgsx.c,0.089744,0.645700
1,q1_bpol.c,q1_dlc.c,0.086420,0.532509
1,q1_bpol.c,q1_dsob.c,0.090909,0.559953
1,q1_bpol.c,q1_fal.c,0.087500,0.551447
1,q1_bpol.c,q1_fcs.c,0.086420,0.532509
1,q1_bpol.c,q1_fem.c,0.086420,0.532509
1,q1_bpol.c,q1_gtc.c,0.086420,0.532509
1,q1_bpol.c,q1_igds.c,0.095890,0.551834
1,q1_bpol.c,q1_jagd.c,0.000000,0.000000
1,q1_bpol.c,q1_jcvg.c,0.086420,0.532509
1,q1_bpol.c,q1_jppp.c,0.092105,0.581217
1,q1_bpol.c,q1_lbas2.c,0.093333,0.546463
1,q1_bpol.c,q1_lgof.c,0.126582,0.541845
1,q1_bpol.c,q1_lrvo.c,0.086420,0.532509
1,q1_bpol.c,q1_mahf.c,0.093333,0.546463
1,q1_bpol.c,q1_maolf.c,0.074468,0.675871
1,q1_bpol.c,q1_meso.c,0.077778,0.631116
1,q1_bpol.c,q1_mfpc.c,0.089744,0.497696
1,q1_bpol.c,q1_mgfm.c,0.093333,0.644981
1,q1_bpol.c,q1_mmrm.c,0.087500,0.550889
1,q1_bpol.c,q1_mtd.c,0.087500,0.713726
1,q1_bpol.c,q1_rvm2.c,0.078652,0.609921
1,q1_bpol.c,q1_smbsa.c,0.088608,0.484291
1,q1_bpol.c,q1_vgjda2.c,0.085366,0.556265
1,q1_bpol.c,q1_wmsn.c,0.126582,0.541845
1,q1_bssah.c,q1_chccp.c,0.437500,0.990874
1,q1_bssah.c,q1_dfm.c,0.269565,0.939036
1,q1_bssah.c,q1_dgsx.c,0.163793,0.902757
1,q1_bssah.c,q1_dlc.c,0.500000,0.993673
1,q1_bssah.c,q1_dsob.c,0.175439,0.872524
1,q1_bssah.c,q1_fal.c,0.181034,0.942443
1,q1_bssah.c,q1_fcs.c,0.366337,0.990874
1,q1_bssah.c,q1_fem.c,0.393939,0.993673
1,q1_bssah.c,q1_gtc.c,0.500000,0.993673
1,q1_bssah.c,q1_igds.c,0.171171,0.960843
1,q1_bssah.c,q1_jagd.c,0.000000,0.000000
1,q1_bssah.c,q1_jcvg.c,0.500000,0.993673
1,q1_bssah.c,q1_jppp.c,0.564706,0.992514
1,q1_bssah.c,q1_lbas2.c,0.670886,0.997015
1,q1_bssah.c,q1_lgof.c,0.336538,0.992371
1,q1_bssah.c,q1_lrvo.c,0.301887,0.990874
1,q1_bssah.c,q1_mahf.c,1.000000,1.000000
1,q1_bssah.c,q1_maolf.c,0.102190,0.864043
1,q1_bssah.c,q1_meso.c,0.225000,0.940648
1,q1_bssah.c,q1_mfpc.c,0.350000,0.991219
1,q1_bssah.c,q1_mgfm.c,0.147826,0.898423
1,q1_bssah.c,q1_mmrm.c,0.574713,0.987431
1,q1_bssah.c,q1_mtd.c,0.104839,0.887116
1,q1_bssah.c,q1_rvm2.c,0.196721,0.948890
1,q1_bssah.c,q1_smbsa.c,0.307692,0.970825
1,q1_bssah.c,q1_vgjda2.c,0.510870,0.988987
1,q1_bssah.c,q1_wmsn.c,0.311321,0.989576
1,q1_chccp.c,q1_dfm.c,0.245902,0.962547
1,q1_chccp.c,q1_dgsx.c,0.146341,0.908980
1,q1_chccp.c,q1_dlc.c,0.870130,0.997375
1,q1_chccp.c,q1_dsob.c,0.138211,0.872703
1,q1_chccp.c,q1_fal.c,0.276786,0.947437
1,q1_chccp.c,q1_fcs.c,0.600000,0.994751
1,q1_chccp.c,q1_fem.c,0.600000,0.997375
1,q1_chccp.c,q1_gtc.c,0.870130,0.997375
1,q1_chccp.c,q1_igds.c,0.172414,0.970049
1,q1_chccp.c,q1_jagd.c,0.000000,0.000000
1,q1_chccp.c,q1_jcvg.c,0.870130,0.997375
1,q1_chccp.c,q1_jppp.c,0.252252,0.984094
1,q1_chccp.c,q1_lbas2.c,0.314286,0.988075
1,q1_chccp.c,q1_lgof.c,0.526316,0.996069
1,q1_chccp.c,q1_lrvo.c,0.440000,1.000000
1,q1_chccp.c,q1_mahf.c,0.437500,0.990874
1,q1_chccp.c,q1_maolf.c,0.226562,0.871020
1,q1_chccp.c,q1_meso.c,0.457143,0.950045
1,q1_chccp.c,q1_mfpc.c,0.500000,0.993082
1,q1_chccp.c,q1_mgfm.c,0.140496,0.900767
1,q1_chccp.c,q1_mmrm.c,0.537634,0.996503
1,q1_chccp.c,q1_mtd.c,0.100000,0.886341
1,q1_chccp.c,q1_rvm2.c,0.256198,0.958050
1,q1_chccp.c,q1_smbsa.c,0.392157,0.981841
1,q1_chccp.c,q1_vgjda2.c,0.768293,0.990775
1,q1_chccp.c,q1_wmsn.c,0.526316,0.993448
1,q1_dfm.c,q1_dgsx.c,0.120301,0.904370
1,q1_dfm.c,q1_dlc.c,0.299145,0.964960
1,q1_dfm.c,q1_dsob.c,0.112782,0.877321
1,q1_dfm.c,q1_fal.c,0.152672,0.949746
1,q1_dfm.c,q1_fcs.c,0.381818,0.967372
1,q1_dfm.c,q1_fem.c,0.299145,0.964960
1,q1_dfm.c,q1_gtc.c,0.299145,0.964960
1,q1_dfm.c,q1_igds.c,0.125000,0.938521
1,q1_dfm.c,q1_jagd.c,0.000000,0.000000
1,q1_dfm.c,q1_jcvg.c,0.299145,0.964960
1,q1_dfm.c,q1_jppp.c,0.289474,0.938100
1,q1_dfm.c,q1_lbas2.c,0.351852,0.941609
1,q1_dfm.c,q1_lgof.c,0.254098,0.963696
1,q1_dfm.c,q1_lrvo.c,0.196850,0.962547
1,q1_dfm.c,q1_mahf.c,0.269565,0.939036
1,q1_dfm.c,q1_maolf.c,0.100000,0.834835
1,q1_dfm.c,q1_meso.c,0.166667,0.903516
1,q1_dfm.c,q1_mfpc.c,0.295652,0.966158
1,q1_dfm.c,q1_mgfm.c,0.114504,0.890457
1,q1_dfm.c,q1_mmrm.c,0.217742,0.953345
1,q1_dfm.c,q1_mtd.c,0.094203,0.854204
1,q1_dfm.c,q1_rvm2.c,0.185185,0.914801
1,q1_dfm.c,q1_smbsa.c,0.388889,0.983324
1,q1_dfm.c,q1_vgjda2.c,0.275000,0.961641
1,q1_dfm.c,q1_wmsn.c,0.330435,0.966105
1,q1_dgsx.c,q1_dlc.c,0.146341,0.912104
1,q1_dgsx.c,q1_dsob.c,0.181034,0.950092
1,q1_dgsx.c,q1_fal.c,0.206897,0.946221
1,q1_dgsx.c,q1_fcs.c,0.128000,0.912104
1,q1_dgsx.c,q1_fem.c,0.146341,0.912104
1,q1_dgsx.c,q1_gtc.c,0.146341,0.912104
1,q1_dgsx.c,q1_igds.c,0.198198,0.925715
1,q1_dgsx.c,q1_jagd.c,0.000000,0.000000
1,q1_dgsx.c,q1_jcvg.c,0.146341,0.912104
1,q1_dgsx.c,q1_jppp.c,0.152542,0.923557
1,q1_dgsx.c,q1_lbas2.c,0.144068,0.902757
1,q1_dgsx.c,q1_lgof.c,0.109375,0.910909
1,q1_dgsx.c,q1_lrvo.c,0.175000,0.908980
1,q1_dgsx.c,q1_mahf.c,0.163793,0.902757
1,q1_dgsx.c,q1_maolf.c,0.084507,0.898861
1,q1_dgsx.c,q1_meso.c,0.111111,0.905015
1,q1_dgsx.c,q1_mfpc.c,0.150000,0.902043
1,q1_dgsx.c,q1_mgfm.c,0.163793,0.983318
1,q1_dgsx.c,q1_mmrm.c,0.157025,0.914503
1,q1_dgsx.c,q1_mtd.c,0.166667,0.983153
1,q1_dgsx.c,q1_rvm2.c,0.103704,0.896386
1,q1_dgsx.c,q1_smbsa.c,0.130081,0.919741
1,q1_dgsx.c,q1_vgjda2.c,0.145161,0.927581
1,q1_dgsx.c,q1_wmsn.c,0.092308,0.910909
1,q1_dlc.c,q1_dsob.c,0.138211,0.882620
1,q1_dlc.c,q1_fal.c,0.276786,0.955748
1,q1_dlc.c,q1_fcs.c,0.694118,0.997375
1,q1_dlc.c,q1_fem.c,0.694118,1.000000
1,q1_dlc.c,q1_gtc.c,1.000000,1.000000
1,q1_dlc.c,q1_igds.c,0.172414,0.964042
1,q1_dlc.c,q1_jagd.c,0.000000,0.000000
1,q1_dlc.c,q1_jcvg.c,1.000000,1.000000
1,q1_dlc.c,q1_jppp.c,0.299065,0.986906
1,q1_dlc.c,q1_lbas2.c,0.366337,0.990874
1,q1_dlc.c,q1_lgof.c,0.611111,0.998690
1,q1_dlc.c,q1_lrvo.c,0.371429,0.997375
1,q1_dlc.c,q1_mahf.c,0.500000,0.993673
1,q1_dlc.c,q1_maolf.c,0.226562,0.876906
1,q1_dlc.c,q1_meso.c,0.530000,0.952106
1,q1_dlc.c,q1_mfpc.c,0.584270,0.995848
1,q1_dlc.c,q1_mgfm.c,0.140496,0.904007
1,q1_dlc.c,q1_mmrm.c,0.474227,0.991072
1,q1_dlc.c,q1_mtd.c,0.100000,0.889209
1,q1_dlc.c,q1_rvm2.c,0.310345,0.960119
1,q1_dlc.c,q1_smbsa.c,0.463918,0.984591
1,q1_dlc.c,q1_vgjda2.c,0.858974,0.996059
1,q1_dlc.c,q1_wmsn.c,0.611111,0.996069
1,q1_dsob.c,q1_fal.c,0.158333,0.965605
1,q1_dsob.c,q1_fcs.c,0.120000,0.877661
1,q1_dsob.c,q1_fem.c,0.138211,0.882620
1,q1_dsob.c,q1_gtc.c,0.138211,0.882620
1,q1_dsob.c,q1_igds.c,0.137931,0.919146
1,q1_dsob.c,q1_jagd.c,0.000000,0.000000
1,q1_dsob.c,q1_jcvg.c,0.138211,0.882620
1,q1_dsob.c,q1_jppp.c,0.153846,0.895049
1,q1_dsob.c,q1_lbas2.c,0.155172,0.867236
1,q1_dsob.c,q1_lgof.c,0.101562,0.881464
1,q1_dsob.c,q1_lrvo.c,0.186441,0.872703
1,q1_dsob.c,q1_mahf.c,0.175439,0.872524
1,q1_dsob.c,q1_maolf.c,0.150376,0.909862
1,q1_dsob.c,q1_meso.c,0.087591,0.881840
1,q1_dsob.c,q1_mfpc.c,0.141667,0.872741
1,q1_dsob.c,q1_mgfm.c,0.116667,0.915139
1,q1_dsob.c,q1_mmrm.c,0.168067,0.879742
1,q1_dsob.c,q1_mtd.c,0.085938,0.932071
1,q1_dsob.c,q1_rvm2.c,0.080292,0.863929
1,q1_dsob.c,q1_smbsa.c,0.121951,0.888480
1,q1_dsob.c,q1_vgjda2.c,0.137097,0.913426
1,q1_dsob.c,q1_wmsn.c,0.084615,0.876512
1,q1_fal.c,q1_fcs.c,0.254386,0.955748
1,q1_fal.c,q1_fem.c,0.276786,0.955748
1,q1_fal.c,q1_gtc.c,0.276786,0.955748
1,q1_fal.c,q1_igds.c,0.238532,0.969978
1,q1_fal.c,q1_jagd.c,0.000000,0.000000
1,q1_fal.c,q1_jcvg.c,0.276786,0.955748
1,q1_fal.c,q1_jppp.c,0.169492,0.958562
1,q1_fal.c,q1_lbas2.c,0.161017,0.942443
1,q1_fal.c,q1_lgof.c,0.230769,0.954497
1,q1_fal.c,q1_lrvo.c,0.201681,0.947437
1,q1_fal.c,q1_mahf.c,0.181034,0.942443
1,q1_fal.c,q1_maolf.c,0.300000,0.923485
1,q1_fal.c,q1_meso.c,0.245902,0.933147
1,q1_fal.c,q1_mfpc.c,0.284404,0.948906
1,q1_fal.c,q1_mgfm.c,0.141667,0.923381
1,q1_fal.c,q1_mmrm.c,0.163934,0.945749
1,q1_fal.c,q1_mtd.c,0.136000,0.917348
1,q1_fal.c,q1_rvm2.c,0.161538,0.928209
1,q1_fal.c,q1_smbsa.c,0.247788,0.960838
1,q1_fal.c,q1_vgjda2.c,0.309091,0.973237
1,q1_fal.c,q1_wmsn.c,0.210084,0.954497
1,q1_fcs.c,q1_fem.c,0.548387,0.997375
1,q1_fcs.c,q1_gtc.c,0.694118,0.997375
1,q1_fcs.c,q1_igds.c,0.152542,0.964042
1,q1_fcs.c,q1_jagd.c,0.000000,0.000000
1,q1_fcs.c,q1_jcvg.c,0.694118,0.997375
1,q1_fcs.c,q1_jppp.c,0.418367,0.989717
1,q1_fcs.c,q1_lbas2.c,0.500000,0.993673
1,q1_fcs.c,q1_lgof.c,0.479592,0.996069
1,q1_fcs.c,q1_lrvo.c,0.297297,0.994751
1,q1_fcs.c,q1_mahf.c,0.366337,0.990874
1,q1_fcs.c,q1_maolf.c,0.246032,0.876906
1,q1_fcs.c,q1_meso.c,0.457143,0.950045
1,q1_fcs.c,q1_mfpc.c,0.500000,0.993082
1,q1_fcs.c,q1_mgfm.c,0.121951,0.904007
1,q1_fcs.c,q1_mmrm.c,0.336449,0.988357
1,q1_fcs.c,q1_mtd.c,0.100000,0.889209
1,q1_fcs.c,q1_rvm2.c,0.310345,0.962189
1,q1_fcs.c,q1_smbsa.c,0.595506,0.987341
1,q1_fcs.c,q1_vgjda2.c,0.593407,0.993417
1,q1_fcs.c,q1_wmsn.c,0.883117,0.998690
1,q1_fem.c,q1_gtc.c,0.694118,1.000000
1,q1_fem.c,q1_igds.c,0.172414,0.964042
1,q1_fem.c,q1_jagd.c,0.000000,0.000000
1,q1_fem.c,q1_jcvg.c,0.694118,1.000000
1,q1_fem.c,q1_jppp.c,0.241071,0.986906
1,q1_fem.c,q1_lbas2.c,0.301887,0.990874
1,q1_fem.c,q1_lgof.c,0.883117,0.998690
1,q1_fem.c,q1_lrvo.c,0.411765,0.997375
1,q1_fem.c,q1_mahf.c,0.393939,0.993673
1,q1_fem.c,q1_maolf.c,0.256000,0.876906
1,q1_fem.c,q1_meso.c,0.353982,0.952106
1,q1_fem.c,q1_mfpc.c,0.855263,0.995848
1,q1_fem.c,q1_mgfm.c,0.140496,0.904007
1,q1_fem.c,q1_mmrm.c,0.324074,0.991072
1,q1_fem.c,q1_mtd.c,0.100000,0.889209
1,q1_fem.c,q1_rvm2.c,0.333333,0.960119
1,q1_fem.c,q1_smbsa.c,0.463918,0.984591
1,q1_fem.c,q1_vgjda2.c,0.593407,0.996059
1,q1_fem.c,q1_wmsn.c,0.479592,0.996069
1,q1_gtc.c,q1_igds.c,0.172414,0.964042
1,q1_gtc.c,q1_jagd.c,0.000000,0.000000
1,q1_gtc.c,q1_jcvg.c,1.000000,1.000000
1,q1_gtc.c,q1_jppp.c,0.299065,0.986906
1,q1_gtc.c,q1_lbas2.c,0.366337,0.990874
1,q1_gtc.c,q1_lgof.c,0.611111,0.998690
1,q1_gtc.c,q1_lrvo.c,0.371429,0.997375
1,q1_gtc.c,q1_mahf.c,0.500000,0.993673
1,q1_gtc.c,q1_maolf.c,0.226562,0.876906
1,q1_gtc.c,q1_meso.c,0.530000,0.952106
1,q1_gtc.c,q1_mfpc.c,0.584270,0.995848
1,q1_gtc.c,q1_mgfm.c,0.140496,0.904007
1,q1_gtc.c,q1_mmrm.c,0.474227,0.991072
1,q1_gtc.c,q1_mtd.c,0.100000,0.889209
1,q1_gtc.c,q1_rvm2.c,0.310345,0.960119
1,q1_gtc.c,q1_smbsa.c,0.463918,0.984591
1,q1_gtc.c,q1_vgjda2.c,0.858974,0.996059
1,q1_gtc.c,q1_wmsn.c,0.611111,0.996069
1,q1_igds.c,q1_jagd.c,0.000000,0.000000
1,q1_igds.c,q1_jcvg.c,0.172414,0.964042
1,q1_igds.c,q1_jppp.c,0.159292,0.971609
1,q1_igds.c,q1_lbas2.c,0.150442,0.960843
1,q1_igds.c,q1_lgof.c,0.132231,0.962780
1,q1_igds.c,q1_lrvo.c,0.172414,0.970049
1,q1_igds.c,q1_mahf.c,0.171171,0.960843
1,q1_igds.c,q1_maolf.c,0.103704,0.884418
1,q1_igds.c,q1_meso.c,0.132812,0.922011
1,q1_igds.c,q1_mfpc.c,0.176991,0.962233
1,q1_igds.c,q1_mgfm.c,0.150442,0.904635
1,q1_igds.c,q1_mmrm.c,0.153846,0.972462
1,q1_igds.c,q1_mtd.c,0.125000,0.899309
1,q1_igds.c,q1_rvm2.c,0.125000,0.921028
1,q1_igds.c,q1_smbsa.c,0.165217,0.962964
1,q1_igds.c,q1_vgjda2.c,0.170940,0.967408
1,q1_igds.c,q1_wmsn.c,0.113821,0.962780
1,q1_jagd.c,q1_jcvg.c,0.000000,0.000000
1,q1_jagd.c,q1_jppp.c,0.000000,0.000000
1,q1_jagd.c,q1_lbas2.c,0.000000,0.000000
1,q1_jagd.c,q1_lgof.c,0.000000,0.000000
1,q1_jagd.c,q1_lrvo.c,0.000000,0.000000
1,q1_jagd.c,q1_mahf.c,0.000000,0.000000
1,q1_jagd.c,q1_maolf.c,0.000000,0.000000
1,q1_jagd.c,q1_meso.c,0.000000,0.000000
1,q1_jagd.c,q1_mfpc.c,0.000000,0.000000
1,q1_jagd.c,q1_mgfm.c,0.000000,0.000000
1,q1_jagd.c,q1_mmrm.c,0.000000,0.000000
1,q1_jagd.c,q1_mtd.c,0.000000,0.000000
1,q1_jagd.c,q1_rvm2.c,0.000000,0.000000
1,q1_jagd.c,q1_smbsa.c,0.000000,0.000000
1,q1_jagd.c,q1_vgjda2.c,0.000000,0.000000
1,q1_jagd.c,q1_wmsn.c,0.000000,0.000000
1,q1_jcvg.c,q1_jppp.c,0.299065,0.986906
1,q1_jcvg.c,q1_lbas2.c,0.366337,0.990874
1,q1_jcvg.c,q1_lgof.c,0.611111,0.998690
1,q1_jcvg.c,q1_lrvo.c,0.371429,0.997375
1,q1_jcvg.c,q1_mahf.c,0.500000,0.993673
1,q1_jcvg.c,q1_maolf.c,0.226562,0.876906
1,q1_jcvg.c,q1_meso.c,0.530000,0.952106
1,q1_jcvg.c,q1_mfpc.c,0.584270,0.995848
1,q1_jcvg.c,q1_mgfm.c,0.140496,0.904007
1,q1_jcvg.c,q1_mmrm.c,0.474227,0.991072
1,q1_jcvg.c,q1_mtd.c,0.100000,0.889209
1,q1_jcvg.c,q1_rvm2.c,0.310345,0.960119
1,q1_jcvg.c,q1_smbsa.c,0.463918,0.984591
1,q1_jcvg.c,q1_vgjda2.c,0.858974,0.996059
1,q1_jcvg.c,q1_wmsn.c,0.611111,0.996069
1,q1_jppp.c,q1_lbas2.c,0.847222,0.995512
1,q1_jppp.c,q1_lgof.c,0.196581,0.985613
1,q1_jppp.c,q1_lrvo.c,0.188034,0.984094
1,q1_jppp.c,q1_mahf.c,0.564706,0.992514
1,q1_jppp.c,q1_maolf.c,0.101449,0.897360
1,q1_jppp.c,q1_meso.c,0.264957,0.951511
1,q1_jppp.c,q1_mfpc.c,0.225225,0.980871
1,q1_jppp.c,q1_mgfm.c,0.099174,0.912886
1,q1_jppp.c,q1_mmrm.c,0.339806,0.983157
1,q1_jppp.c,q1_mtd.c,0.112903,0.912624
1,q1_jppp.c,q1_rvm2.c,0.148438,0.957601
1,q1_jppp.c,q1_smbsa.c,0.330097,0.969309
1,q1_jppp.c,q1_vgjda2.c,0.308411,0.987785
1,q1_jppp.c,q1_wmsn.c,0.359223,0.988421
1,q1_lbas2.c,q1_lgof.c,0.252252,0.989576
1,q1_lbas2.c,q1_lrvo.c,0.243243,0.988075
1,q1_lbas2.c,q1_mahf.c,0.670886,0.997015
1,q1_lbas2.c,q1_maolf.c,0.102190,0.864043
1,q1_lbas2.c,q1_meso.c,0.204918,0.938450
1,q1_lbas2.c,q1_mfpc.c,0.285714,0.988269
1,q1_lbas2.c,q1_mgfm.c,0.128205,0.898423
1,q1_lbas2.c,q1_mmrm.c,0.412371,0.984536
1,q1_lbas2.c,q1_mtd.c,0.104839,0.887116
1,q1_lbas2.c,q1_rvm2.c,0.196721,0.951097
1,q1_lbas2.c,q1_smbsa.c,0.402062,0.973758
1,q1_lbas2.c,q1_vgjda2.c,0.376238,0.986170
1,q1_lbas2.c,q1_wmsn.c,0.432990,0.992371
1,q1_lgof.c,q1_lrvo.c,0.355140,0.996069
1,q1_lgof.c,q1_mahf.c,0.336538,0.992371
1,q1_lgof.c,q1_maolf.c,0.215385,0.875757
1,q1_lgof.c,q1_meso.c,0.305085,0.950859
1,q1_lgof.c,q1_mfpc.c,0.753086,0.994543
1,q1_lgof.c,q1_mgfm.c,0.120968,0.902823
1,q1_lgof.c,q1_mmrm.c,0.274336,0.989774
1,q1_lgof.c,q1_mtd.c,0.066667,0.888044
1,q1_lgof.c,q1_rvm2.c,0.285714,0.958862
1,q1_lgof.c,q1_smbsa.c,0.401961,0.983301
1,q1_lgof.c,q1_vgjda2.c,0.520833,0.994754
1,q1_lgof.c,q1_wmsn.c,0.553191,0.997382
1,q1_lrvo.c,q1_mahf.c,0.301887,0.990874
1,q1_lrvo.c,q1_maolf.c,0.137681,0.871020
1,q1_lrvo.c,q1_meso.c,0.186047,0.950045
1,q1_lrvo.c,q1_mfpc.c,0.382353,0.993082
1,q1_lrvo.c,q1_mgfm.c,0.140496,0.900767
1,q1_lrvo.c,q1_mmrm.c,0.311927,0.996503
1,q1_lrvo.c,q1_mtd.c,0.100000,0.886341
1,q1_lrvo.c,q1_rvm2.c,0.299145,0.958050
1,q1_lrvo.c,q1_smbsa.c,0.245614,0.981841
1,q1_lrvo.c,q1_vgjda2.c,0.318182,0.990775
1,q1_lrvo.c,q1_wmsn.c,0.250000,0.993448
1,q1_mahf.c,q1_maolf.c,0.102190,0.864043
1,q1_mahf.c,q1_meso.c,0.225000,0.940648
1,q1_mahf.c,q1_mfpc.c,0.350000,0.991219
1,q1_mahf.c,q1_mgfm.c,0.147826,0.898423
1,q1_mahf.c,q1_mmrm.c,0.574713,0.987431
1,q1_mahf.c,q1_mtd.c,0.104839,0.887116
1,q1_mahf.c,q1_rvm2.c,0.196721,0.948890
1,q1_mahf.c,q1_smbsa.c,0.307692,0.970825
1,q1_mahf.c,q1_vgjda2.c,0.510870,0.988987
1,q1_mahf.c,q1_wmsn.c,0.311321,0.989576
1,q1_maolf.c,q1_meso.c,0.443478,0.968867
1,q1_maolf.c,q1_mfpc.c,0.212598,0.837367
1,q1_maolf.c,q1_mgfm.c,0.070922,0.862160
1,q1_maolf.c,q1_mmrm.c,0.098592,0.880790
1,q1_maolf.c,q1_mtd.c,0.122302,0.919750
1,q1_maolf.c,q1_rvm2.c,0.320000,0.951158
1,q1_maolf.c,q1_smbsa.c,0.201550,0.840749
1,q1_maolf.c,q1_vgjda2.c,0.253968,0.906414
1,q1_maolf.c,q1_wmsn.c,0.206107,0.875757
1,q1_meso.c,q1_mfpc.c,0.304348,0.920926
1,q1_meso.c,q1_mgfm.c,0.072993,0.880262
1,q1_meso.c,q1_mmrm.c,0.216000,0.952990
1,q1_meso.c,q1_mtd.c,0.151515,0.912148
1,q1_meso.c,q1_rvm2.c,0.463636,0.995946
1,q1_meso.c,q1_smbsa.c,0.290598,0.913443
1,q1_meso.c,q1_vgjda2.c,0.452830,0.962564
1,q1_meso.c,q1_wmsn.c,0.400000,0.948801
1,q1_mfpc.c,q1_mgfm.c,0.144068,0.898129
1,q1_mfpc.c,q1_mmrm.c,0.296296,0.984433
1,q1_mfpc.c,q1_mtd.c,0.102362,0.870663
1,q1_mfpc.c,q1_rvm2.c,0.284483,0.931216
1,q1_mfpc.c,q1_smbsa.c,0.418367,0.988422
1,q1_mfpc.c,q1_vgjda2.c,0.494737,0.988524
1,q1_mfpc.c,q1_wmsn.c,0.434343,0.991781
1,q1_mgfm.c,q1_mmrm.c,0.141667,0.905042
1,q1_mgfm.c,q1_mtd.c,0.330097,0.973795
1,q1_mgfm.c,q1_rvm2.c,0.097744,0.876181
1,q1_mgfm.c,q1_smbsa.c,0.123967,0.913309
1,q1_mgfm.c,q1_vgjda2.c,0.139344,0.916521
1,q1_mgfm.c,q1_wmsn.c,0.103175,0.902823
1,q1_mmrm.c,q1_mtd.c,0.100775,0.896162
1,q1_mmrm.c,q1_rvm2.c,0.152672,0.959009
1,q1_mmrm.c,q1_smbsa.c,0.236842,0.973053
1,q1_mmrm.c,q1_vgjda2.c,0.469388,0.986707
1,q1_mmrm.c,q1_wmsn.c,0.285714,0.987063
1,q1_mtd.c,q1_rvm2.c,0.143939,0.900031
1,q1_mtd.c,q1_smbsa.c,0.101562,0.877653
1,q1_mtd.c,q1_vgjda2.c,0.099237,0.909539
1,q1_mtd.c,q1_wmsn.c,0.066667,0.888044
1,q1_rvm2.c,q1_smbsa.c,0.260504,0.925834
1,q1_rvm2.c,q1_vgjda2.c,0.254098,0.966482
1,q1_rvm2.c,q1_wmsn.c,0.264463,0.960928
1,q1_smbsa.c,q1_vgjda2.c,0.430000,0.980042
1,q1_smbsa.c,q1_wmsn.c,0.521277,0.986048
1,q1_vgjda2.c,q1_wmsn.c,0.520833,0.992116
2,q2_abscl.c,q2_acmm.c,0.120805,0.942169
2,q2_abscl.c,q2_afo.c,0.110345,0.939541
2,q2_abscl.c,q2_amfgs.c,0.118056,0.974217
2,q2_abscl.c,q2_argmq.c,0.097561,0.939325
2,q2_abscl.c,q2_barlf.c,0.227941,0.979474
2,q2_abscl.c,q2_bgnp.c,0.138686,0.973528
2,q2_abscl.c,q2_bpol.c,0.000000,0.000000
2,q2_abscl.c,q2_bssah.c,0.096552,0.903318
2,q2_abscl.c,q2_chccp.c,0.102041,0.969955
2,q2_abscl.c,q2_dfm.c,0.014706,0.790296
2,q2_abscl.c,q2_dgsx.c,0.107383,0.924928
2,q2_abscl.c,q2_dlc.c,0.137681,0.979415
2,q2_abscl.c,q2_dsob.c,0.010204,0.765973
2,q2_abscl.c,q2_fal.c,0.110345,0.939541
2,q2_abscl.c,q2_fcs.c,0.095890,0.937481
2,q2_abscl.c,q2_fem.c,0.066667,0.859628
2,q2_abscl.c,q2_gtc.c,0.129496,0.982062
2,q2_abscl.c,q2_igds.c,0.093525,0.967058
2,q2_abscl.c,q2_jagd.c,0.000000,0.000000
2,q2_abscl.c,q2_jcvg.c,0.122449,0.924928
2,q2_abscl.c,q2_jppp.c,0.101449,0.961386
2,q2_abscl.c,q2_lbas2.c,0.131034,0.910718
2,q2_abscl.c,q2_lgof.c,0.109589,0.940888
2,q2_abscl.c,q2_lrvo.c,0.137681,0.982062
2,q2_abscl.c,q2_mahf.c,0.107383,0.924928
2,q2_abscl.c,q2_maolf.c,0.107383,0.927178
2,q2_abscl.c,q2_meso.c,0.068750,0.884632
2,q2_abscl.c,q2_mfpc.c,0.112676,0.940260
2,q2_abscl.c,q2_mgfm.c,0.108844,0.940287
2,q2_abscl.c,q2_mmrm.c,0.118881,0.931156
2,q2_abscl.c,q2_mtd.c,0.108844,0.921945
2,q2_abscl.c,q2_rvm2.c,0.102740,0.971446
2,q2_abscl.c,q2_smbsa.c,0.108844,0.940287
2,q2_abscl.c,q2_vgjda2.c,0.110345,0.939541
2,q2_abscl.c,q2_wmsn.c,0.128571,0.978076
2,q2_acmm.c,q2_afo.c,0.084967,0.925368
2,q2_acmm.c,q2_amfgs.c,0.077922,0.957713
2,q2_acmm.c,q2_argmq.c,0.069364,0.958492
2,q2_acmm.c,q2_barlf.c,0.178082,0.971663
2,q2_acmm.c,q2_bgnp.c,0.087838,0.961504
2,q2_acmm.c,q2_bpol.c,0.000000,0.000000
2,q2_acmm.c,q2_bssah.c,0.064935,0.880709
2,q2_acmm.c,q2_chccp.c,0.063694,0.959099
2,q2_acmm.c,q2_dfm.c,0.076142,0.854735
2,q2_acmm.c,q2_dgsx.c,0.082803,0.912532
2,q2_acmm.c,q2_dlc.c,0.094595,0.965795
2,q2_acmm.c,q2_dsob.c,0.057292,0.830395
2,q2_acmm.c,q2_fal.c,0.084967,0.925368
2,q2_acmm.c,q2_fcs.c,0.071429,0.915603
2,q2_acmm.c,q2_fem.c,0.106742,0.929753
2,q2_acmm.c,q2_gtc.c,0.080000,0.963456
2,q2_acmm.c,q2_igds.c,0.046667,0.939504
2,q2_acmm.c,q2_jagd.c,0.000000,0.000000
2,q2_acmm.c,q2_jcvg.c,0.096774,0.912532
2,q2_acmm.c,q2_jppp.c,0.046667,0.944515
2,q2_acmm.c,q2_lbas2.c,0.119205,0.899800
2,q2_acmm.c,q2_lgof.c,0.084416,0.922117
2,q2_acmm.c,q2_lrvo.c,0.094595,0.963456
2,q2_acmm.c,q2_mahf.c,0.082803,0.912532
2,q2_acmm.c,q2_maolf.c,0.082803,0.910544
2,q2_acmm.c,q2_meso.c,0.041420,0.889902
2,q2_acmm.c,q2_mfpc.c,0.079470,0.915785
2,q2_acmm.c,q2_mgfm.c,0.083871,0.925361
2,q2_acmm.c,q2_mmrm.c,0.107383,0.909080
2,q2_acmm.c,q2_mtd.c,0.070064,0.901204
2,q2_acmm.c,q2_rvm2.c,0.070968,0.967537
2,q2_acmm.c,q2_smbsa.c,0.083871,0.925361
2,q2_acmm.c,q2_vgjda2.c,0.084967,0.925368
2,q2_acmm.c,q2_wmsn.c,0.079470,0.964474
2,q2_afo.c,q2_amfgs.c,0.454545,0.971908
2,q2_afo.c,q2_argmq.c,0.185430,0.959683
2,q2_afo.c,q2_barlf.c,0.267176,0.963909
2,q2_afo.c,q2_bgnp.c,0.270492,0.967874
2,q2_afo.c,q2_bpol.c,0.000000,0.000000
2,q2_afo.c,q2_bssah.c,0.436364,0.985398
2,q2_afo.c,q2_chccp.c,0.450450,0.975213
2,q2_afo.c,q2_dfm.c,0.051020,0.803125
2,q2_afo.c,q2_dgsx.c,0.763441,0.995086
2,q2_afo.c,q2_dlc.c,0.368421,0.964812
2,q2_afo.c,q2_dsob.c,0.036842,0.796374
2,q2_afo.c,q2_fal.c,1.000000,1.000000
2,q2_afo.c,q2_fcs.c,0.691489,0.991731
2,q2_afo.c,q2_fem.c,0.130178,0.839938
2,q2_afo.c,q2_gtc.c,0.431193,0.962273
2,q2_afo.c,q2_igds.c,0.161538,0.962931
2,q2_afo.c,q2_jagd.c,0.000000,0.000000
2,q2_afo.c,q2_jcvg.c,0.426087,0.995086
2,q2_afo.c,q2_jppp.c,0.247934,0.971092
2,q2_afo.c,q2_lbas2.c,0.225564,0.990148
2,q2_afo.c,q2_lgof.c,0.829545,0.996475
2,q2_afo.c,q2_lrvo.c,0.310924,0.962273
2,q2_afo.c,q2_mahf.c,0.763441,0.995086
2,q2_afo.c,q2_maolf.c,0.673469,0.992928
2,q2_afo.c,q2_meso.c,0.465517,0.966199
2,q2_afo.c,q2_mfpc.c,0.764045,0.994301
2,q2_afo.c,q2_mgfm.c,0.780220,0.995352
2,q2_afo.c,q2_mmrm.c,0.500000,0.991836
2,q2_afo.c,q2_mtd.c,0.317073,0.989955
2,q2_afo.c,q2_rvm2.c,0.379310,0.967616
2,q2_afo.c,q2_smbsa.c,0.780220,0.995352
2,q2_afo.c,q2_vgjda2.c,0.428571,1.000000
2,q2_afo.c,q2_wmsn.c,0.440367,0.963493
2,q2_amfgs.c,q2_argmq.c,0.132911,0.951168
2,q2_amfgs.c,q2_barlf.c,0.482143,0.994775
2,q2_amfgs.c,q2_bgnp.c,0.291667,0.986848
2,q2_amfgs.c,q2_bpol.c,0.000000,0.000000
2,q2_amfgs.c,q2_bssah.c,0.264000,0.951749
2,q2_amfgs.c,q2_chccp.c,0.769231,0.996508
2,q2_amfgs.c,q2_dfm.c,0.051020,0.809731
2,q2_amfgs.c,q2_dgsx.c,0.451327,0.968952
2,q2_amfgs.c,q2_dlc.c,0.431193,0.990629
2,q2_amfgs.c,q2_dsob.c,0.036842,0.787236
2,q2_amfgs.c,q2_fal.c,0.454545,0.971908
2,q2_amfgs.c,q2_fcs.c,0.394737,0.970566
2,q2_amfgs.c,q2_fem.c,0.130178,0.857105
2,q2_amfgs.c,q2_gtc.c,0.659574,0.993156
2,q2_amfgs.c,q2_igds.c,0.217742,0.988213
2,q2_amfgs.c,q2_jagd.c,0.000000,0.000000
2,q2_amfgs.c,q2_jcvg.c,0.291339,0.968952
2,q2_amfgs.c,q2_jppp.c,0.227642,0.982798
2,q2_amfgs.c,q2_lbas2.c,0.147887,0.957050
2,q2_amfgs.c,q2_lgof.c,0.463636,0.973105
2,q2_amfgs.c,q2_lrvo.c,0.500000,0.993156
2,q2_amfgs.c,q2_mahf.c,0.451327,0.968952
2,q2_amfgs.c,q2_maolf.c,0.518519,0.971100
2,q2_amfgs.c,q2_meso.c,0.259259,0.931455
2,q2_amfgs.c,q2_mfpc.c,0.440367,0.969762
2,q2_amfgs.c,q2_mgfm.c,0.459459,0.972096
2,q2_amfgs.c,q2_mmrm.c,0.292683,0.965636
2,q2_amfgs.c,q2_mtd.c,0.296000,0.964754
2,q2_amfgs.c,q2_rvm2.c,0.441441,0.989847
2,q2_amfgs.c,q2_smbsa.c,0.459459,0.972096
2,q2_amfgs.c,q2_vgjda2.c,0.280000,0.971908
2,q2_amfgs.c,q2_wmsn.c,0.539216,0.989275
2,q2_argmq.c,q2_barlf.c,0.128049,0.963198
2,q2_argmq.c,q2_bgnp.c,0.251799,0.963738
2,q2_argmq.c,q2_bpol.c,0.000000,0.000000
2,q2_argmq.c,q2_bssah.c,0.246479,0.921306
2,q2_argmq.c,q2_chccp.c,0.176471,0.961057
2,q2_argmq.c,q2_dfm.c,0.061321,0.870180
2,q2_argmq.c,q2_dgsx.c,0.180645,0.947259
2,q2_argmq.c,q2_dlc.c,0.232394,0.956911
2,q2_argmq.c,q2_dsob.c,0.018868,0.847600
2,q2_argmq.c,q2_fal.c,0.185430,0.959683
2,q2_argmq.c,q2_fcs.c,0.178808,0.957478
2,q2_argmq.c,q2_fem.c,0.060606,0.924983
2,q2_argmq.c,q2_gtc.c,0.136364,0.952542
2,q2_argmq.c,q2_igds.c,0.111111,0.936247
2,q2_argmq.c,q2_jagd.c,0.000000,0.000000
2,q2_argmq.c,q2_jcvg.c,0.326087,0.947259
2,q2_argmq.c,q2_jppp.c,0.197183,0.950291
2,q2_argmq.c,q2_lbas2.c,0.456000,0.944771
2,q2_argmq.c,q2_lgof.c,0.132075,0.954512
2,q2_argmq.c,q2_lrvo.c,0.190476,0.952542
2,q2_argmq.c,q2_mahf.c,0.180645,0.947259
2,q2_argmq.c,q2_maolf.c,0.143750,0.943544
2,q2_argmq.c,q2_meso.c,0.138554,0.937561
2,q2_argmq.c,q2_mfpc.c,0.157895,0.948008
2,q2_argmq.c,q2_mgfm.c,0.145570,0.959011
2,q2_argmq.c,q2_mmrm.c,0.202703,0.950810
2,q2_argmq.c,q2_mtd.c,0.265734,0.940770
2,q2_argmq.c,q2_rvm2.c,0.162338,0.963668
2,q2_argmq.c,q2_smbsa.c,0.145570,0.959011
2,q2_argmq.c,q2_vgjda2.c,0.251748,0.959683
2,q2_argmq.c,q2_wmsn.c,0.142857,0.955603
2,q2_barlf.c,q2_bgnp.c,0.257812,0.985396
2,q2_barlf.c,q2_bpol.c,0.000000,0.000000
2,q2_barlf.c,q2_bssah.c,0.242424,0.934374
2,q2_barlf.c,q2_chccp.c,0.391667,0.991847
2,q2_barlf.c,q2_dfm.c,0.049505,0.828491
2,q2_barlf.c,q2_dgsx.c,0.268657,0.957619
2,q2_barlf.c,q2_dlc.c,0.200000,0.989793
2,q2_barlf.c,q2_dsob.c,0.035714,0.806508
2,q2_barlf.c,q2_fal.c,0.267176,0.963909
2,q2_barlf.c,q2_fcs.c,0.250000,0.962989
2,q2_barlf.c,q2_fem.c,0.132184,0.885575
2,q2_barlf.c,q2_gtc.c,0.317073,0.992190
2,q2_barlf.c,q2_igds.c,0.198473,0.980823
2,q2_barlf.c,q2_jagd.c,0.000000,0.000000
2,q2_barlf.c,q2_jcvg.c,0.172414,0.957619
2,q2_barlf.c,q2_jppp.c,0.207692,0.975688
2,q2_barlf.c,q2_lbas2.c,0.165517,0.945005
2,q2_barlf.c,q2_lgof.c,0.274809,0.964995
2,q2_barlf.c,q2_lrvo.c,0.246154,0.992190
2,q2_barlf.c,q2_mahf.c,0.268657,0.957619
2,q2_barlf.c,q2_maolf.c,0.317829,0.959657
2,q2_barlf.c,q2_meso.c,0.150327,0.924557
2,q2_barlf.c,q2_mfpc.c,0.293651,0.959764
2,q2_barlf.c,q2_mgfm.c,0.312500,0.965998
2,q2_barlf.c,q2_mmrm.c,0.309524,0.956665
2,q2_barlf.c,q2_mtd.c,0.208633,0.951783
2,q2_barlf.c,q2_rvm2.c,0.185714,0.991579
2,q2_barlf.c,q2_smbsa.c,0.312500,0.965998
2,q2_barlf.c,q2_vgjda2.c,0.160839,0.963909
2,q2_barlf.c,q2_wmsn.c,0.244275,0.988440
2,q2_bgnp.c,q2_bpol.c,0.000000,0.000000
2,q2_bgnp.c,q2_bssah.c,0.390909,0.935837
2,q2_bgnp.c,q2_chccp.c,0.356522,0.989734
2,q2_bgnp.c,q2_dfm.c,0.086486,0.825679
2,q2_bgnp.c,q2_dgsx.c,0.261905,0.955282
2,q2_bgnp.c,q2_dlc.c,0.324561,0.996284
2,q2_bgnp.c,q2_dsob.c,0.037838,0.798787
2,q2_bgnp.c,q2_fal.c,0.270492,0.967874
2,q2_bgnp.c,q2_fcs.c,0.283333,0.965365
2,q2_bgnp.c,q2_fem.c,0.113772,0.878346
2,q2_bgnp.c,q2_gtc.c,0.480392,0.990623
2,q2_bgnp.c,q2_igds.c,0.216667,0.979436
2,q2_bgnp.c,q2_jagd.c,0.000000,0.000000
2,q2_bgnp.c,q2_jcvg.c,0.195489,0.955282
2,q2_bgnp.c,q2_jppp.c,0.586957,0.994597
2,q2_bgnp.c,q2_lbas2.c,0.350427,0.949248
2,q2_bgnp.c,q2_lgof.c,0.200000,0.961498
2,q2_bgnp.c,q2_lrvo.c,0.268908,0.990623
2,q2_bgnp.c,q2_mahf.c,0.261905,0.955282
2,q2_bgnp.c,q2_maolf.c,0.213740,0.950470
2,q2_bgnp.c,q2_meso.c,0.145833,0.924723
2,q2_bgnp.c,q2_mfpc.c,0.196850,0.960805
2,q2_bgnp.c,q2_mgfm.c,0.217054,0.961114
2,q2_bgnp.c,q2_mmrm.c,0.362832,0.952691
2,q2_bgnp.c,q2_mtd.c,0.171642,0.944813
2,q2_bgnp.c,q2_rvm2.c,0.302521,0.988771
2,q2_bgnp.c,q2_smbsa.c,0.217054,0.961114
2,q2_bgnp.c,q2_vgjda2.c,0.201550,0.967874
2,q2_bgnp.c,q2_wmsn.c,0.490196,0.994922
2,q2_bpol.c,q2_bssah.c,0.000000,0.000000
2,q2_bpol.c,q2_chccp.c,0.000000,0.000000
2,q2_bpol.c,q2_dfm.c,0.000000,0.000000
2,q2_bpol.c,q2_dgsx.c,0.000000,0.000000
2,q2_bpol.c,q2_dlc.c,0.000000,0.000000
2,q2_bpol.c,q2_dsob.c,0.000000,0.000000
2,q2_bpol.c,q2_fal.c,0.000000,0.000000
2,q2_bpol.c,q2_fcs.c,0.000000,0.000000
2,q2_bpol.c,q2_fem.c,0.000000,0.000000
2,q2_bpol.c,q2_gtc.c,0.000000,0.000000
2,q2_bpol.c,q2_igds.c,0.000000,0.000000
2,q2_bpol.c,q2_jagd.c,1.000000,1.000000
2,q2_bpol.c,q2_jcvg.c,0.000000,0.000000
2,q2_bpol.c,q2_jppp.c,0.000000,0.000000
2,q2_bpol.c,q2_lbas2.c,0.000000,0.000000
2,q2_bpol.c,q2_lgof.c,0.000000,0.000000
2,q2_bpol.c,q2_lrvo.c,0.000000,0.000000
2,q2_bpol.c,q2_mahf.c,0.000000,0.000000
2,q2_bpol.c,q2_maolf.c,0.000000,0.000000
2,q2_bpol.c,q2_meso.c,0.000000,0.000000
2,q2_bpol.c,q2_mfpc.c,0.000000,0.000000
2,q2_bpol.c,q2_mgfm.c,0.000000,0.000000
2,q2_bpol.c,q2_mmrm.c,0.000000,0.000000
2,q2_bpol.c,q2_mtd.c,0.000000,0.000000
2,q2_bpol.c,q2_rvm2.c,0.000000,0.000000
2,q2_bpol.c,q2_smbsa.c,0.000000,0.000000
2,q2_bpol.c,q2_vgjda2.c,0.000000,0.000000
2,q2_bpol.c,q2_wmsn.c,0.000000,0.000000
2,q2_bssah.c,q2_chccp.c,0.325000,0.955105
2,q2_bssah.c,q2_dfm.c,0.085106,0.751267
2,q2_bssah.c,q2_dgsx.c,0.557692,0.994588
2,q2_bssah.c,q2_dlc.c,0.212598,0.927671
2,q2_bssah.c,q2_dsob.c,0.037234,0.756258
2,q2_bssah.c,q2_fal.c,0.436364,0.985398
2,q2_bssah.c,q2_fcs.c,0.330508,0.977771
2,q2_bssah.c,q2_fem.c,0.105263,0.762685
2,q2_bssah.c,q2_gtc.c,0.232000,0.925249
2,q2_bssah.c,q2_igds.c,0.201613,0.936775
2,q2_bssah.c,q2_jagd.c,0.000000,0.000000
2,q2_bssah.c,q2_jcvg.c,0.265625,0.994588
2,q2_bssah.c,q2_jppp.c,0.432692,0.947155
2,q2_bssah.c,q2_lbas2.c,0.330579,0.994951
2,q2_bssah.c,q2_lgof.c,0.347458,0.981999
2,q2_bssah.c,q2_lrvo.c,0.166667,0.925249
2,q2_bssah.c,q2_mahf.c,0.557692,0.994588
2,q2_bssah.c,q2_maolf.c,0.486239,0.992528
2,q2_bssah.c,q2_meso.c,0.377049,0.968810
2,q2_bssah.c,q2_mfpc.c,0.336207,0.977135
2,q2_bssah.c,q2_mgfm.c,0.367521,0.978515
2,q2_bssah.c,q2_mmrm.c,0.495238,0.982929
2,q2_bssah.c,q2_mtd.c,0.230769,0.988213
2,q2_bssah.c,q2_rvm2.c,0.196970,0.938036
2,q2_bssah.c,q2_smbsa.c,0.367521,0.978515
2,q2_bssah.c,q2_vgjda2.c,0.244094,0.985398
2,q2_bssah.c,q2_wmsn.c,0.240000,0.926403
2,q2_chccp.c,q2_dfm.c,0.056122,0.828605
2,q2_chccp.c,q2_dgsx.c,0.447368,0.972623
2,q2_chccp.c,q2_dlc.c,0.427273,0.988619
2,q2_chccp.c,q2_dsob.c,0.036649,0.810123
2,q2_chccp.c,q2_fal.c,0.450450,0.975213
2,q2_chccp.c,q2_fcs.c,0.538462,0.978583
2,q2_chccp.c,q2_fem.c,0.122807,0.868051
2,q2_chccp.c,q2_gtc.c,0.495238,0.988619
2,q2_chccp.c,q2_igds.c,0.178295,0.988186
2,q2_chccp.c,q2_jagd.c,0.000000,0.000000
2,q2_chccp.c,q2_jcvg.c,0.289062,0.972623
2,q2_chccp.c,q2_jppp.c,0.266667,0.988186
2,q2_chccp.c,q2_lbas2.c,0.197080,0.964955
2,q2_chccp.c,q2_lgof.c,0.361345,0.974067
2,q2_chccp.c,q2_lrvo.c,0.365217,0.988619
2,q2_chccp.c,q2_mahf.c,0.447368,0.972623
2,q2_chccp.c,q2_maolf.c,0.386555,0.972623
2,q2_chccp.c,q2_meso.c,0.295455,0.950578
2,q2_chccp.c,q2_mfpc.c,0.316667,0.967744
2,q2_chccp.c,q2_mgfm.c,0.369748,0.973091
2,q2_chccp.c,q2_mmrm.c,0.250000,0.968780
2,q2_chccp.c,q2_mtd.c,0.304000,0.968112
2,q2_chccp.c,q2_rvm2.c,0.437500,0.993527
2,q2_chccp.c,q2_smbsa.c,0.369748,0.973091
2,q2_chccp.c,q2_vgjda2.c,0.277778,0.975213
2,q2_chccp.c,q2_wmsn.c,0.504762,0.987268
2,q2_dfm.c,q2_dgsx.c,0.050000,0.787691
2,q2_dfm.c,q2_dlc.c,0.035897,0.817959
2,q2_dfm.c,q2_dsob.c,0.151659,0.972250
2,q2_dfm.c,q2_fal.c,0.051020,0.803125
2,q2_dfm.c,q2_fcs.c,0.056701,0.822065
2,q2_dfm.c,q2_fem.c,0.077273,0.910353
2,q2_dfm.c,q2_gtc.c,0.052083,0.817959
2,q2_dfm.c,q2_igds.c,0.036842,0.812153
2,q2_dfm.c,q2_jagd.c,0.000000,0.000000
2,q2_dfm.c,q2_jcvg.c,0.034483,0.787691
2,q2_dfm.c,q2_jppp.c,0.064865,0.816164
2,q2_dfm.c,q2_lbas2.c,0.066327,0.786720
2,q2_dfm.c,q2_lgof.c,0.050761,0.802182
2,q2_dfm.c,q2_lrvo.c,0.035897,0.817959
2,q2_dfm.c,q2_mahf.c,0.050000,0.787691
2,q2_dfm.c,q2_maolf.c,0.050000,0.787691
2,q2_dfm.c,q2_meso.c,0.014085,0.807450
2,q2_dfm.c,q2_mfpc.c,0.041026,0.790102
2,q2_dfm.c,q2_mgfm.c,0.050505,0.818185
2,q2_dfm.c,q2_mmrm.c,0.084656,0.803955
2,q2_dfm.c,q2_mtd.c,0.040000,0.792456
2,q2_dfm.c,q2_rvm2.c,0.030000,0.833876
2,q2_dfm.c,q2_smbsa.c,0.050505,0.818185
2,q2_dfm.c,q2_vgjda2.c,0.035176,0.803125
2,q2_dfm.c,q2_wmsn.c,0.051813,0.816841
2,q2_dgsx.c,q2_dlc.c,0.355932,0.950316
2,q2_dgsx.c,q2_dsob.c,0.036082,0.783831
2,q2_dgsx.c,q2_fal.c,0.763441,0.995086
2,q2_dgsx.c,q2_fcs.c,0.523364,0.988148
2,q2_dgsx.c,q2_fem.c,0.127168,0.812957
2,q2_dgsx.c,q2_gtc.c,0.415929,0.947987
2,q2_dgsx.c,q2_igds.c,0.156716,0.953244
2,q2_dgsx.c,q2_jagd.c,0.000000,0.000000
2,q2_dgsx.c,q2_jcvg.c,0.500000,1.000000
2,q2_dgsx.c,q2_jppp.c,0.240000,0.960730
2,q2_dgsx.c,q2_lbas2.c,0.284615,0.997156
2,q2_dgsx.c,q2_lgof.c,0.633663,0.991762
2,q2_dgsx.c,q2_lrvo.c,0.300813,0.947987
2,q2_dgsx.c,q2_mahf.c,1.000000,1.000000
2,q2_dgsx.c,q2_maolf.c,0.887640,0.998020
2,q2_dgsx.c,q2_meso.c,0.626168,0.976924
2,q2_dgsx.c,q2_mfpc.c,0.578431,0.985490
2,q2_dgsx.c,q2_mgfm.c,0.596154,0.990279
2,q2_dgsx.c,q2_mmrm.c,0.369748,0.989394
2,q2_dgsx.c,q2_mtd.c,0.383333,0.992448
2,q2_dgsx.c,q2_rvm2.c,0.366667,0.961643
2,q2_dgsx.c,q2_smbsa.c,0.596154,0.990279
2,q2_dgsx.c,q2_vgjda2.c,0.401709,0.995086
2,q2_dgsx.c,q2_wmsn.c,0.424779,0.949017
2,q2_dlc.c,q2_dsob.c,0.021164,0.790828
2,q2_dlc.c,q2_fal.c,0.368421,0.964812
2,q2_dlc.c,q2_fcs.c,0.313559,0.960056
2,q2_dlc.c,q2_fem.c,0.093567,0.881404
2,q2_dlc.c,q2_gtc.c,0.504950,0.997260
2,q2_dlc.c,q2_igds.c,0.176000,0.983297
2,q2_dlc.c,q2_jagd.c,0.000000,0.000000
2,q2_dlc.c,q2_jcvg.c,0.481481,0.950316
2,q2_dlc.c,q2_jppp.c,0.245763,0.989168
2,q2_dlc.c,q2_lbas2.c,0.261905,0.937848
2,q2_dlc.c,q2_lgof.c,0.286885,0.961143
2,q2_dlc.c,q2_lrvo.c,0.876543,0.997260
2,q2_dlc.c,q2_mahf.c,0.355932,0.950316
2,q2_dlc.c,q2_maolf.c,0.300813,0.947987
2,q2_dlc.c,q2_meso.c,0.267176,0.909452
2,q2_dlc.c,q2_mfpc.c,0.318966,0.962390
2,q2_dlc.c,q2_mgfm.c,0.264000,0.960594
2,q2_dlc.c,q2_mmrm.c,0.156716,0.948164
2,q2_dlc.c,q2_mtd.c,0.284553,0.941824
2,q2_dlc.c,q2_rvm2.c,0.772727,0.988531
2,q2_dlc.c,q2_smbsa.c,0.264000,0.960594
2,q2_dlc.c,q2_vgjda2.c,0.392857,0.964812
2,q2_dlc.c,q2_wmsn.c,0.514851,0.998633
2,q2_dsob.c,q2_fal.c,0.036842,0.796374
2,q2_dsob.c,q2_fcs.c,0.037037,0.819477
2,q2_dsob.c,q2_fem.c,0.065421,0.871847
2,q2_dsob.c,q2_gtc.c,0.037634,0.790828
2,q2_dsob.c,q2_igds.c,0.038674,0.794827
2,q2_dsob.c,q2_jagd.c,0.000000,0.000000
2,q2_dsob.c,q2_jcvg.c,0.020305,0.783831
2,q2_dsob.c,q2_jppp.c,0.038674,0.796924
2,q2_dsob.c,q2_lbas2.c,0.020408,0.783738
2,q2_dsob.c,q2_lgof.c,0.036649,0.795439
2,q2_dsob.c,q2_lrvo.c,0.021164,0.790828
2,q2_dsob.c,q2_mahf.c,0.036082,0.783831
2,q2_dsob.c,q2_maolf.c,0.036082,0.783831
2,q2_dsob.c,q2_meso.c,0.014706,0.812238
2,q2_dsob.c,q2_mfpc.c,0.026455,0.781992
2,q2_dsob.c,q2_mgfm.c,0.036458,0.810627
2,q2_dsob.c,q2_mmrm.c,0.037037,0.798091
2,q2_dsob.c,q2_mtd.c,0.020513,0.791566
2,q2_dsob.c,q2_rvm2.c,0.015464,0.811631
2,q2_dsob.c,q2_smbsa.c,0.036458,0.810627
2,q2_dsob.c,q2_vgjda2.c,0.020725,0.796374
2,q2_dsob.c,q2_wmsn.c,0.037433,0.789747
2,q2_fal.c,q2_fcs.c,0.691489,0.991731
2,q2_fal.c,q2_fem.c,0.130178,0.839938
2,q2_fal.c,q2_gtc.c,0.431193,0.962273
2,q2_fal.c,q2_igds.c,0.161538,0.962931
2,q2_fal.c,q2_jagd.c,0.000000,0.000000
2,q2_fal.c,q2_jcvg.c,0.426087,0.995086
2,q2_fal.c,q2_jppp.c,0.247934,0.971092
2,q2_fal.c,q2_lbas2.c,0.225564,0.990148
2,q2_fal.c,q2_lgof.c,0.829545,0.996475
2,q2_fal.c,q2_lrvo.c,0.310924,0.962273
2,q2_fal.c,q2_mahf.c,0.763441,0.995086
2,q2_fal.c,q2_maolf.c,0.673469,0.992928
2,q2_fal.c,q2_meso.c,0.465517,0.966199
2,q2_fal.c,q2_mfpc.c,0.764045,0.994301
2,q2_fal.c,q2_mgfm.c,0.780220,0.995352
2,q2_fal.c,q2_mmrm.c,0.500000,0.991836
2,q2_fal.c,q2_mtd.c,0.317073,0.989955
2,q2_fal.c,q2_rvm2.c,0.379310,0.967616
2,q2_fal.c,q2_smbsa.c,0.780220,0.995352
2,q2_fal.c,q2_vgjda2.c,0.428571,1.000000
2,q2_fal.c,q2_wmsn.c,0.440367,0.963493
2,q2_fcs.c,q2_fem.c,0.117647,0.841115
2,q2_fcs.c,q2_gtc.c,0.371681,0.960056
2,q2_fcs.c,q2_igds.c,0.162791,0.968218
2,q2_fcs.c,q2_jagd.c,0.000000,0.000000
2,q2_fcs.c,q2_jcvg.c,0.347107,0.988148
2,q2_fcs.c,q2_jppp.c,0.250000,0.970960
2,q2_fcs.c,q2_lbas2.c,0.218045,0.985092
2,q2_fcs.c,q2_lgof.c,0.568627,0.990566
2,q2_fcs.c,q2_lrvo.c,0.260163,0.960056
2,q2_fcs.c,q2_mahf.c,0.523364,0.988148
2,q2_fcs.c,q2_maolf.c,0.455357,0.988148
2,q2_fcs.c,q2_meso.c,0.352000,0.972342
2,q2_fcs.c,q2_mfpc.c,0.514563,0.984959
2,q2_fcs.c,q2_mgfm.c,0.578431,0.989515
2,q2_fcs.c,q2_mmrm.c,0.385965,0.990396
2,q2_fcs.c,q2_mtd.c,0.364407,0.988945
2,q2_fcs.c,q2_rvm2.c,0.325000,0.968908
2,q2_fcs.c,q2_smbsa.c,0.578431,0.989515
2,q2_fcs.c,q2_vgjda2.c,0.347458,0.991731
2,q2_fcs.c,q2_wmsn.c,0.380531,0.958744
2,q2_fem.c,q2_gtc.c,0.133333,0.879325
2,q2_fem.c,q2_igds.c,0.052023,0.855211
2,q2_fem.c,q2_jagd.c,0.000000,0.000000
2,q2_fem.c,q2_jcvg.c,0.083333,0.812957
2,q2_fem.c,q2_jppp.c,0.083333,0.857438
2,q2_fem.c,q2_lbas2.c,0.060109,0.801673
2,q2_fem.c,q2_lgof.c,0.122807,0.837028
2,q2_fem.c,q2_lrvo.c,0.087209,0.879325
2,q2_fem.c,q2_mahf.c,0.127168,0.812957
2,q2_fem.c,q2_maolf.c,0.120690,0.811190
2,q2_fem.c,q2_meso.c,0.041451,0.811277
2,q2_fem.c,q2_mfpc.c,0.105882,0.830445
2,q2_fem.c,q2_mgfm.c,0.122093,0.847462
2,q2_fem.c,q2_mmrm.c,0.098266,0.825860
2,q2_fem.c,q2_mtd.c,0.072222,0.810523
2,q2_fem.c,q2_rvm2.c,0.085227,0.883926
2,q2_fem.c,q2_smbsa.c,0.122093,0.847462
2,q2_fem.c,q2_vgjda2.c,0.073034,0.839938
2,q2_fem.c,q2_wmsn.c,0.139394,0.880199
2,q2_gtc.c,q2_igds.c,0.267241,0.989168
2,q2_gtc.c,q2_jagd.c,0.000000,0.000000
2,q2_gtc.c,q2_jcvg.c,0.300813,0.947987
2,q2_gtc.c,q2_jppp.c,0.400000,0.983297
2,q2_gtc.c,q2_lbas2.c,0.152174,0.933100
2,q2_gtc.c,q2_lgof.c,0.440367,0.963679
2,q2_gtc.c,q2_lrvo.c,0.583333,1.000000
2,q2_gtc.c,q2_mahf.c,0.415929,0.947987
2,q2_gtc.c,q2_maolf.c,0.481481,0.950316
2,q2_gtc.c,q2_meso.c,0.229630,0.903307
2,q2_gtc.c,q2_mfpc.c,0.416667,0.965086
2,q2_gtc.c,q2_mgfm.c,0.436364,0.963115
2,q2_gtc.c,q2_mmrm.c,0.270492,0.953359
2,q2_gtc.c,q2_mtd.c,0.305785,0.946781
2,q2_gtc.c,q2_rvm2.c,0.514563,0.986114
2,q2_gtc.c,q2_smbsa.c,0.436364,0.963115
2,q2_gtc.c,q2_vgjda2.c,0.289256,0.962273
2,q2_gtc.c,q2_wmsn.c,0.821429,0.995897
2,q2_igds.c,q2_jagd.c,0.000000,0.000000
2,q2_igds.c,q2_jcvg.c,0.131387,0.953244
2,q2_igds.c,q2_jppp.c,0.327103,0.984277
2,q2_igds.c,q2_lbas2.c,0.124088,0.941174
2,q2_igds.c,q2_lgof.c,0.160305,0.967234
2,q2_igds.c,q2_lrvo.c,0.214876,0.989168
2,q2_igds.c,q2_mahf.c,0.156716,0.953244
2,q2_igds.c,q2_maolf.c,0.192308,0.958235
2,q2_igds.c,q2_meso.c,0.118056,0.917289
2,q2_igds.c,q2_mfpc.c,0.174603,0.967521
2,q2_igds.c,q2_mgfm.c,0.195312,0.964309
2,q2_igds.c,q2_mmrm.c,0.190476,0.962941
2,q2_igds.c,q2_mtd.c,0.159091,0.961231
2,q2_igds.c,q2_rvm2.c,0.161538,0.976206
2,q2_igds.c,q2_smbsa.c,0.195312,0.964309
2,q2_igds.c,q2_vgjda2.c,0.135338,0.962931
2,q2_igds.c,q2_wmsn.c,0.203252,0.981953
2,q2_jagd.c,q2_jcvg.c,0.000000,0.000000
2,q2_jagd.c,q2_jppp.c,0.000000,0.000000
2,q2_jagd.c,q2_lbas2.c,0.000000,0.000000
2,q2_jagd.c,q2_lgof.c,0.000000,0.000000
2,q2_jagd.c,q2_lrvo.c,0.000000,0.000000
2,q2_jagd.c,q2_mahf.c,0.000000,0.000000
2,q2_jagd.c,q2_maolf.c,0.000000,0.000000
2,q2_jagd.c,q2_meso.c,0.000000,0.000000
2,q2_jagd.c,q2_mfpc.c,0.000000,0.000000
2,q2_jagd.c,q2_mgfm.c,0.000000,0.000000
2,q2_jagd.c,q2_mmrm.c,0.000000,0.000000
2,q2_jagd.c,q2_mtd.c,0.000000,0.000000
2,q2_jagd.c,q2_rvm2.c,0.000000,0.000000
2,q2_jagd.c,q2_smbsa.c,0.000000,0.000000
2,q2_jagd.c,q2_vgjda2.c,0.000000,0.000000
2,q2_jagd.c,q2_wmsn.c,0.000000,0.000000
2,q2_jcvg.c,q2_jppp.c,0.174242,0.960730
2,q2_jcvg.c,q2_lbas2.c,0.590476,0.997156
2,q2_jcvg.c,q2_lgof.c,0.341463,0.991762
2,q2_jcvg.c,q2_lrvo.c,0.415929,0.947987
2,q2_jcvg.c,q2_mahf.c,0.500000,1.000000
2,q2_jcvg.c,q2_maolf.c,0.435897,0.998020
2,q2_jcvg.c,q2_meso.c,0.392000,0.976924
2,q2_jcvg.c,q2_mfpc.c,0.376068,0.985490
2,q2_jcvg.c,q2_mgfm.c,0.317460,0.990279
2,q2_jcvg.c,q2_mmrm.c,0.181159,0.989394
2,q2_jcvg.c,q2_mtd.c,0.676768,0.992448
2,q2_jcvg.c,q2_rvm2.c,0.366667,0.961643
2,q2_jcvg.c,q2_smbsa.c,0.317460,0.990279
2,q2_jcvg.c,q2_vgjda2.c,0.518519,0.995086
2,q2_jcvg.c,q2_wmsn.c,0.308943,0.949017
2,q2_jppp.c,q2_lbas2.c,0.222222,0.956437
2,q2_jppp.c,q2_lgof.c,0.187500,0.964517
2,q2_jppp.c,q2_lrvo.c,0.204918,0.983297
2,q2_jppp.c,q2_mahf.c,0.240000,0.960730
2,q2_jppp.c,q2_maolf.c,0.201550,0.955739
2,q2_jppp.c,q2_meso.c,0.210526,0.932650
2,q2_jppp.c,q2_mfpc.c,0.174603,0.964633
2,q2_jppp.c,q2_mgfm.c,0.204724,0.961607
2,q2_jppp.c,q2_mmrm.c,0.293103,0.957375
2,q2_jppp.c,q2_mtd.c,0.141791,0.953265
2,q2_jppp.c,q2_rvm2.c,0.227642,0.981385
2,q2_jppp.c,q2_smbsa.c,0.204724,0.961607
2,q2_jppp.c,q2_vgjda2.c,0.198413,0.971092
2,q2_jppp.c,q2_wmsn.c,0.396226,0.987815
2,q2_lbas2.c,q2_lgof.c,0.163121,0.984589
2,q2_lbas2.c,q2_lrvo.c,0.213740,0.933100
2,q2_lbas2.c,q2_mahf.c,0.284615,0.997156
2,q2_lbas2.c,q2_maolf.c,0.237037,0.993119
2,q2_lbas2.c,q2_meso.c,0.226950,0.983411
2,q2_lbas2.c,q2_mfpc.c,0.194030,0.976534
2,q2_lbas2.c,q2_mgfm.c,0.178571,0.983231
2,q2_lbas2.c,q2_mmrm.c,0.306452,0.986036
2,q2_lbas2.c,q2_mtd.c,0.500000,0.988035
2,q2_lbas2.c,q2_rvm2.c,0.181159,0.953031
2,q2_lbas2.c,q2_smbsa.c,0.178571,0.983231
2,q2_lbas2.c,q2_vgjda2.c,0.314516,0.990148
2,q2_lbas2.c,q2_wmsn.c,0.159420,0.936566
2,q2_lgof.c,q2_lrvo.c,0.319328,0.963679
2,q2_lgof.c,q2_mahf.c,0.633663,0.991762
2,q2_lgof.c,q2_maolf.c,0.683673,0.993918
2,q2_lgof.c,q2_meso.c,0.390244,0.959377
2,q2_lgof.c,q2_mfpc.c,0.775281,0.995629
2,q2_lgof.c,q2_mgfm.c,0.791209,0.996516
2,q2_lgof.c,q2_mmrm.c,0.509434,0.995480
2,q2_lgof.c,q2_mtd.c,0.325203,0.993381
2,q2_lgof.c,q2_rvm2.c,0.298387,0.964242
2,q2_lgof.c,q2_smbsa.c,0.791209,0.996516
2,q2_lgof.c,q2_vgjda2.c,0.341667,0.996475
2,q2_lgof.c,q2_wmsn.c,0.436364,0.962362
2,q2_lrvo.c,q2_mahf.c,0.300813,0.947987
2,q2_lrvo.c,q2_maolf.c,0.355932,0.950316
2,q2_lrvo.c,q2_meso.c,0.229630,0.903307
2,q2_lrvo.c,q2_mfpc.c,0.378378,0.965086
2,q2_lrvo.c,q2_mgfm.c,0.316667,0.963115
2,q2_lrvo.c,q2_mmrm.c,0.201550,0.953359
2,q2_lrvo.c,q2_mtd.c,0.338983,0.946781
2,q2_lrvo.c,q2_rvm2.c,0.677419,0.986114
2,q2_lrvo.c,q2_smbsa.c,0.316667,0.963115
2,q2_lrvo.c,q2_vgjda2.c,0.333333,0.962273
2,q2_lrvo.c,q2_wmsn.c,0.471154,0.995897
2,q2_mahf.c,q2_maolf.c,0.887640,0.998020
2,q2_mahf.c,q2_meso.c,0.626168,0.976924
2,q2_mahf.c,q2_mfpc.c,0.578431,0.985490
2,q2_mahf.c,q2_mgfm.c,0.596154,0.990279
2,q2_mahf.c,q2_mmrm.c,0.369748,0.989394
2,q2_mahf.c,q2_mtd.c,0.383333,0.992448
2,q2_mahf.c,q2_rvm2.c,0.366667,0.961643
2,q2_mahf.c,q2_smbsa.c,0.596154,0.990279
2,q2_mahf.c,q2_vgjda2.c,0.401709,0.995086
2,q2_mahf.c,q2_wmsn.c,0.424779,0.949017
2,q2_maolf.c,q2_meso.c,0.567568,0.971699
2,q2_maolf.c,q2_mfpc.c,0.659794,0.987782
2,q2_maolf.c,q2_mgfm.c,0.676768,0.992423
2,q2_maolf.c,q2_mmrm.c,0.429825,0.993811
2,q2_maolf.c,q2_mtd.c,0.443478,0.996662
2,q2_maolf.c,q2_rvm2.c,0.312000,0.959588
2,q2_maolf.c,q2_smbsa.c,0.676768,0.992423
2,q2_maolf.c,q2_vgjda2.c,0.344262,0.992928
2,q2_maolf.c,q2_wmsn.c,0.387931,0.946691
2,q2_meso.c,q2_mfpc.c,0.368852,0.939201
2,q2_meso.c,q2_mgfm.c,0.398374,0.957565
2,q2_meso.c,q2_mmrm.c,0.242647,0.963301
2,q2_meso.c,q2_mtd.c,0.303030,0.965414
2,q2_meso.c,q2_rvm2.c,0.382114,0.946865
2,q2_meso.c,q2_smbsa.c,0.398374,0.957565
2,q2_meso.c,q2_vgjda2.c,0.287879,0.966199
2,q2_meso.c,q2_wmsn.c,0.227941,0.908209
2,q2_mfpc.c,q2_mgfm.c,0.766667,0.994798
2,q2_mfpc.c,q2_mmrm.c,0.544554,0.991740
2,q2_mfpc.c,q2_mtd.c,0.394737,0.990120
2,q2_mfpc.c,q2_rvm2.c,0.276423,0.953646
2,q2_mfpc.c,q2_smbsa.c,0.766667,0.994798
2,q2_mfpc.c,q2_vgjda2.c,0.389381,0.994301
2,q2_mfpc.c,q2_wmsn.c,0.327586,0.961074
2,q2_mgfm.c,q2_mmrm.c,0.563107,0.994470
2,q2_mgfm.c,q2_mtd.c,0.355372,0.992163
2,q2_mgfm.c,q2_rvm2.c,0.275591,0.963081
2,q2_mgfm.c,q2_smbsa.c,1.000000,1.000000
2,q2_mgfm.c,q2_vgjda2.c,0.317073,0.995352
2,q2_mgfm.c,q2_wmsn.c,0.347458,0.959281
2,q2_mmrm.c,q2_mtd.c,0.248062,0.996404
2,q2_mmrm.c,q2_rvm2.c,0.143885,0.955623
2,q2_mmrm.c,q2_smbsa.c,0.563107,0.994470
2,q2_mmrm.c,q2_vgjda2.c,0.195489,0.991836
2,q2_mmrm.c,q2_wmsn.c,0.200000,0.946868
2,q2_mtd.c,q2_rvm2.c,0.218045,0.948934
2,q2_mtd.c,q2_smbsa.c,0.355372,0.992163
2,q2_mtd.c,q2_vgjda2.c,0.350000,0.989955
2,q2_mtd.c,q2_wmsn.c,0.232558,0.940536
2,q2_rvm2.c,q2_smbsa.c,0.275591,0.963081
2,q2_rvm2.c,q2_vgjda2.c,0.333333,0.967616
2,q2_rvm2.c,q2_wmsn.c,0.524272,0.987180
2,q2_smbsa.c,q2_vgjda2.c,0.317073,0.995352
2,q2_smbsa.c,q2_wmsn.c,0.347458,0.959281
2,q2_vgjda2.c,q2_wmsn.c,0.297521,0.963493
3,q3_abscl.c,q3_acmm.c,0.064171,0.900655
3,q3_abscl.c,q3_afo.c,0.233503,0.931015
3,q3_abscl.c,q3_amfgs.c,0.216450,0.938879
3,q3_abscl.c,q3_argmq.c,0.525641,0.994558
3,q3_abscl.c,q3_barlf.c,0.211055,0.928728
3,q3_abscl.c,q3_bgnp.c,0.117409,0.944265
3,q3_abscl.c,q3_bpol.c,0.000000,0.000000
3,q3_abscl.c,q3_bssah.c,0.158654,0.975499
3,q3_abscl.c,q3_chccp.c,0.228856,0.982388
3,q3_abscl.c,q3_dfm.c,0.054348,0.853664
3,q3_abscl.c,q3_dgsx.c,0.159420,0.928077
3,q3_abscl.c,q3_dlc.c,0.000000,0.000000
3,q3_abscl.c,q3_dsob.c,0.034314,0.865830
3,q3_abscl.c,q3_fal.c,0.093897,0.929488
3,q3_abscl.c,q3_fcs.c,0.227979,0.978693
3,q3_abscl.c,q3_fem.c,0.177570,0.971166
3,q3_abscl.c,q3_gtc.c,0.156682,0.939609
3,q3_abscl.c,q3_igds.c,0.078603,0.914523
3,q3_abscl.c,q3_jagd.c,0.000000,0.000000
3,q3_abscl.c,q3_jcvg.c,0.182222,0.950855
3,q3_abscl.c,q3_jppp.c,0.097222,0.930508
3,q3_abscl.c,q3_lbas2.c,0.506329,0.998639
3,q3_abscl.c,q3_lgof.c,0.278947,0.951239
3,q3_abscl.c,q3_lrvo.c,0.170732,0.972132
3,q3_abscl.c,q3_mahf.c,0.379310,0.986821
3,q3_abscl.c,q3_maolf.c,0.516779,0.981673
3,q3_abscl.c,q3_meso.c,0.186275,0.951112
3,q3_abscl.c,q3_mfpc.c,0.223958,0.971710
3,q3_abscl.c,q3_mgfm.c,0.213930,0.929517
3,q3_abscl.c,q3_mmrm.c,0.098131,0.942419
3,q3_abscl.c,q3_mtd.c,0.187793,0.968413
3,q3_abscl.c,q3_rvm2.c,0.180095,0.968556
3,q3_abscl.c,q3_smbsa.c,0.115830,0.927957
3,q3_abscl.c,q3_vgjda2.c,0.350282,0.992693
3,q3_abscl.c,q3_wmsn.c,0.126087,0.958907
3,q3_acmm.c,q3_afo.c,0.051546,0.843761
3,q3_acmm.c,q3_amfgs.c,0.043103,0.851137
3,q3_acmm.c,q3_argmq.c,0.069892,0.896994
3,q3_acmm.c,q3_barlf.c,0.068783,0.852352
3,q3_acmm.c,q3_bgnp.c,0.044053,0.886565
3,q3_acmm.c,q3_bpol.c,0.000000,0.000000
3,q3_acmm.c,q3_bssah.c,0.068783,0.881600
3,q3_acmm.c,q3_chccp.c,0.066667,0.882358
3,q3_acmm.c,q3_dfm.c,0.026490,0.794357
3,q3_acmm.c,q3_dgsx.c,0.092391,0.853239
3,q3_acmm.c,q3_dlc.c,0.000000,0.000000
3,q3_acmm.c,q3_dsob.c,0.023810,0.807004
3,q3_acmm.c,q3_fal.c,0.048649,0.842293
3,q3_acmm.c,q3_fcs.c,0.064516,0.888436
3,q3_acmm.c,q3_fem.c,0.059701,0.873981
3,q3_acmm.c,q3_gtc.c,0.060000,0.858114
3,q3_acmm.c,q3_igds.c,0.045226,0.837450
3,q3_acmm.c,q3_jagd.c,0.000000,0.000000
3,q3_acmm.c,q3_jcvg.c,0.046083,0.863728
3,q3_acmm.c,q3_jppp.c,0.047619,0.841265
3,q3_acmm.c,q3_lbas2.c,0.064171,0.900050
3,q3_acmm.c,q3_lgof.c,0.096774,0.855789
3,q3_acmm.c,q3_lrvo.c,0.092391,0.916315
3,q3_acmm.c,q3_mahf.c,0.052356,0.896552
3,q3_acmm.c,q3_maolf.c,0.068571,0.900289
3,q3_acmm.c,q3_meso.c,0.057292,0.862447
3,q3_acmm.c,q3_mfpc.c,0.082873,0.888597
3,q3_acmm.c,q3_mgfm.c,0.051282,0.842900
3,q3_acmm.c,q3_mmrm.c,0.048128,0.854572
3,q3_acmm.c,q3_mtd.c,0.059406,0.867016
3,q3_acmm.c,q3_rvm2.c,0.082474,0.880395
3,q3_acmm.c,q3_smbsa.c,0.059322,0.878566
3,q3_acmm.c,q3_vgjda2.c,0.069519,0.896464
3,q3_acmm.c,q3_wmsn.c,0.089109,0.877575
3,q3_afo.c,q3_amfgs.c,0.176955,0.955268
3,q3_afo.c,q3_argmq.c,0.335165,0.951427
3,q3_afo.c,q3_barlf.c,0.223881,0.963974
3,q3_afo.c,q3_bgnp.c,0.124000,0.899599
3,q3_afo.c,q3_bpol.c,0.000000,0.000000
3,q3_afo.c,q3_bssah.c,0.171429,0.916511
3,q3_afo.c,q3_chccp.c,0.135135,0.918192
3,q3_afo.c,q3_dfm.c,0.093407,0.811267
3,q3_afo.c,q3_dgsx.c,0.195122,0.942334
3,q3_afo.c,q3_dlc.c,0.000000,0.000000
3,q3_afo.c,q3_dsob.c,0.038462,0.839752
3,q3_afo.c,q3_fal.c,0.076923,0.895693
3,q3_afo.c,q3_fcs.c,0.174757,0.911497
3,q3_afo.c,q3_fem.c,0.152466,0.941896
3,q3_afo.c,q3_gtc.c,0.168950,0.936945
3,q3_afo.c,q3_igds.c,0.067797,0.943775
3,q3_afo.c,q3_jagd.c,0.000000,0.000000
3,q3_afo.c,q3_jcvg.c,0.178261,0.952581
3,q3_afo.c,q3_jppp.c,0.080357,0.902786
3,q3_afo.c,q3_lbas2.c,0.162679,0.920929
3,q3_afo.c,q3_lgof.c,0.370166,0.968933
3,q3_afo.c,q3_lrvo.c,0.231156,0.947162
3,q3_afo.c,q3_mahf.c,0.331522,0.960518
3,q3_afo.c,q3_maolf.c,0.276243,0.943414
3,q3_afo.c,q3_meso.c,0.102679,0.884669
3,q3_afo.c,q3_mfpc.c,0.153846,0.916263
3,q3_afo.c,q3_mgfm.c,0.900763,0.999061
3,q3_afo.c,q3_mmrm.c,0.081081,0.914699
3,q3_afo.c,q3_mtd.c,0.151786,0.898887
3,q3_afo.c,q3_rvm2.c,0.186916,0.917180
3,q3_afo.c,q3_smbsa.c,0.166667,0.909505
3,q3_afo.c,q3_vgjda2.c,0.201970,0.933765
3,q3_afo.c,q3_wmsn.c,0.157895,0.924266
3,q3_amfgs.c,q3_argmq.c,0.190678,0.949786
3,q3_amfgs.c,q3_barlf.c,0.159184,0.927135
3,q3_amfgs.c,q3_bgnp.c,0.103806,0.933465
3,q3_amfgs.c,q3_bpol.c,0.000000,0.000000
3,q3_amfgs.c,q3_bssah.c,0.251101,0.943175
3,q3_amfgs.c,q3_chccp.c,0.137255,0.954096
3,q3_amfgs.c,q3_dfm.c,0.034934,0.784794
3,q3_amfgs.c,q3_dgsx.c,0.174274,0.916062
3,q3_amfgs.c,q3_dlc.c,0.000000,0.000000
3,q3_amfgs.c,q3_dsob.c,0.028340,0.808711
3,q3_amfgs.c,q3_fal.c,0.065637,0.917679
3,q3_amfgs.c,q3_fcs.c,0.186441,0.938621
3,q3_amfgs.c,q3_fem.c,0.109023,0.951925
3,q3_amfgs.c,q3_gtc.c,0.235294,0.931819
3,q3_amfgs.c,q3_igds.c,0.082090,0.926738
3,q3_amfgs.c,q3_jagd.c,0.000000,0.000000
3,q3_amfgs.c,q3_jcvg.c,0.140221,0.937619
3,q3_amfgs.c,q3_jppp.c,0.098039,0.925705
3,q3_amfgs.c,q3_lbas2.c,0.175732,0.936519
3,q3_amfgs.c,q3_lgof.c,0.148594,0.938847
3,q3_amfgs.c,q3_lrvo.c,0.080153,0.931304
3,q3_amfgs.c,q3_mahf.c,0.209402,0.958958
3,q3_amfgs.c,q3_maolf.c,0.222727,0.928442
3,q3_amfgs.c,q3_meso.c,0.117647,0.905278
3,q3_amfgs.c,q3_mfpc.c,0.163180,0.943256
3,q3_amfgs.c,q3_mgfm.c,0.166667,0.953327
3,q3_amfgs.c,q3_mmrm.c,0.098814,0.936559
3,q3_amfgs.c,q3_mtd.c,0.213115,0.949975
3,q3_amfgs.c,q3_rvm2.c,0.114504,0.950783
3,q3_amfgs.c,q3_smbsa.c,0.177305,0.949654
3,q3_amfgs.c,q3_vgjda2.c,0.179916,0.941332
3,q3_amfgs.c,q3_wmsn.c,0.118519,0.941199
3,q3_argmq.c,q3_barlf.c,0.158654,0.935702
3,q3_argmq.c,q3_bgnp.c,0.117409,0.942086
3,q3_argmq.c,q3_bpol.c,0.000000,0.000000
3,q3_argmq.c,q3_bssah.c,0.158654,0.978168
3,q3_argmq.c,q3_chccp.c,0.286458,0.979796
3,q3_argmq.c,q3_dfm.c,0.060109,0.857653
3,q3_argmq.c,q3_dgsx.c,0.200000,0.925762
3,q3_argmq.c,q3_dlc.c,0.000000,0.000000
3,q3_argmq.c,q3_dsob.c,0.034314,0.868979
3,q3_argmq.c,q3_fal.c,0.125604,0.938284
3,q3_argmq.c,q3_fcs.c,0.221649,0.975925
3,q3_argmq.c,q3_fem.c,0.177570,0.971166
3,q3_argmq.c,q3_gtc.c,0.151376,0.937603
3,q3_argmq.c,q3_igds.c,0.107623,0.916587
3,q3_argmq.c,q3_jagd.c,0.000000,0.000000
3,q3_argmq.c,q3_jcvg.c,0.176991,0.945289
3,q3_argmq.c,q3_jppp.c,0.128571,0.935864
3,q3_argmq.c,q3_lbas2.c,0.322222,0.990464
3,q3_argmq.c,q3_lgof.c,0.472727,0.960277
3,q3_argmq.c,q3_lrvo.c,0.237113,0.980145
3,q3_argmq.c,q3_mahf.c,0.481481,0.994833
3,q3_argmq.c,q3_maolf.c,0.321637,0.978639
3,q3_argmq.c,q3_meso.c,0.095023,0.929272
3,q3_argmq.c,q3_mfpc.c,0.291209,0.971710
3,q3_argmq.c,q3_mgfm.c,0.311828,0.949871
3,q3_argmq.c,q3_mmrm.c,0.140777,0.950649
3,q3_argmq.c,q3_mtd.c,0.187793,0.968413
3,q3_argmq.c,q3_rvm2.c,0.214634,0.968556
3,q3_argmq.c,q3_smbsa.c,0.111538,0.926013
3,q3_argmq.c,q3_vgjda2.c,0.422619,0.992693
3,q3_argmq.c,q3_wmsn.c,0.151111,0.950018
3,q3_barlf.c,q3_bgnp.c,0.107143,0.915585
3,q3_barlf.c,q3_bpol.c,0.000000,0.000000
3,q3_barlf.c,q3_bssah.c,0.190244,0.931452
3,q3_barlf.c,q3_chccp.c,0.152074,0.917904
3,q3_barlf.c,q3_dfm.c,0.064865,0.807701
3,q3_barlf.c,q3_dgsx.c,0.380682,0.988641
3,q3_barlf.c,q3_dlc.c,0.000000,0.000000
3,q3_barlf.c,q3_dsob.c,0.033816,0.833855
3,q3_barlf.c,q3_fal.c,0.072727,0.880519
3,q3_barlf.c,q3_fcs.c,0.148325,0.923649
3,q3_barlf.c,q3_fem.c,0.208531,0.950249
3,q3_barlf.c,q3_gtc.c,0.358289,0.980939
3,q3_barlf.c,q3_igds.c,0.136364,0.967379
3,q3_barlf.c,q3_jagd.c,0.000000,0.000000
3,q3_barlf.c,q3_jcvg.c,0.169565,0.963725
3,q3_barlf.c,q3_jppp.c,0.071429,0.880755
3,q3_barlf.c,q3_lbas2.c,0.158654,0.925338
3,q3_barlf.c,q3_lgof.c,0.160377,0.933326
3,q3_barlf.c,q3_lrvo.c,0.094595,0.944612
3,q3_barlf.c,q3_mahf.c,0.130233,0.936626
3,q3_barlf.c,q3_maolf.c,0.224599,0.934602
3,q3_barlf.c,q3_meso.c,0.108597,0.891867
3,q3_barlf.c,q3_mfpc.c,0.149758,0.926002
3,q3_barlf.c,q3_mgfm.c,0.187500,0.964151
3,q3_barlf.c,q3_mmrm.c,0.072072,0.898900
3,q3_barlf.c,q3_mtd.c,0.142857,0.904654
3,q3_barlf.c,q3_rvm2.c,0.120000,0.931697
3,q3_barlf.c,q3_smbsa.c,0.154150,0.932251
3,q3_barlf.c,q3_vgjda2.c,0.146919,0.929575
3,q3_barlf.c,q3_wmsn.c,0.190909,0.949280
3,q3_bgnp.c,q3_bpol.c,0.000000,0.000000
3,q3_bgnp.c,q3_bssah.c,0.202586,0.949671
3,q3_bgnp.c,q3_chccp.c,0.122047,0.960698
3,q3_bgnp.c,q3_dfm.c,0.035714,0.796720
3,q3_bgnp.c,q3_dgsx.c,0.112000,0.925416
3,q3_bgnp.c,q3_dlc.c,0.000000,0.000000
3,q3_bgnp.c,q3_dsob.c,0.028926,0.831718
3,q3_bgnp.c,q3_fal.c,0.075397,0.930657
3,q3_bgnp.c,q3_fcs.c,0.195652,0.957421
3,q3_bgnp.c,q3_fem.c,0.119691,0.949388
3,q3_bgnp.c,q3_gtc.c,0.137795,0.931969
3,q3_bgnp.c,q3_igds.c,0.055556,0.908073
3,q3_bgnp.c,q3_jagd.c,0.000000,0.000000
3,q3_bgnp.c,q3_jcvg.c,0.105455,0.927502
3,q3_bgnp.c,q3_jppp.c,0.061776,0.919570
3,q3_bgnp.c,q3_lbas2.c,0.117409,0.945552
3,q3_bgnp.c,q3_lgof.c,0.084942,0.884461
3,q3_bgnp.c,q3_lrvo.c,0.077519,0.931053
3,q3_bgnp.c,q3_mahf.c,0.134694,0.946018
3,q3_bgnp.c,q3_maolf.c,0.118644,0.910932
3,q3_bgnp.c,q3_meso.c,0.102362,0.902101
3,q3_bgnp.c,q3_mfpc.c,0.109756,0.958568
3,q3_bgnp.c,q3_mgfm.c,0.137097,0.900680
3,q3_bgnp.c,q3_mmrm.c,0.062257,0.926812
3,q3_bgnp.c,q3_mtd.c,0.150198,0.955317
3,q3_bgnp.c,q3_rvm2.c,0.138889,0.972616
3,q3_bgnp.c,q3_smbsa.c,0.197802,0.975402
3,q3_bgnp.c,q3_vgjda2.c,0.130612,0.953798
3,q3_bgnp.c,q3_wmsn.c,0.133588,0.947277
3,q3_bpol.c,q3_bssah.c,0.000000,0.000000
3,q3_bpol.c,q3_chccp.c,0.000000,0.000000
3,q3_bpol.c,q3_dfm.c,0.000000,0.000000
3,q3_bpol.c,q3_dgsx.c,0.000000,0.000000
3,q3_bpol.c,q3_dlc.c,1.000000,1.000000
3,q3_bpol.c,q3_dsob.c,0.000000,0.000000
3,q3_bpol.c,q3_fal.c,0.000000,0.000000
3,q3_bpol.c,q3_fcs.c,0.000000,0.000000
3,q3_bpol.c,q3_fem.c,0.000000,0.000000
3,q3_bpol.c,q3_gtc.c,0.000000,0.000000
3,q3_bpol.c,q3_igds.c,0.000000,0.000000
3,q3_bpol.c,q3_jagd.c,1.000000,1.000000
3,q3_bpol.c,q3_jcvg.c,0.000000,0.000000
3,q3_bpol.c,q3_jppp.c,0.000000,0.000000
3,q3_bpol.c,q3_lbas2.c,0.000000,0.000000
3,q3_bpol.c,q3_lgof.c,0.000000,0.000000
3,q3_bpol.c,q3_lrvo.c,0.000000,0.000000
3,q3_bpol.c,q3_mahf.c,0.000000,0.000000
3,q3_bpol.c,q3_maolf.c,0.000000,0.000000
3,q3_bpol.c,q3_meso.c,0.000000,0.000000
3,q3_bpol.c,q3_mfpc.c,0.000000,0.000000
3,q3_bpol.c,q3_mgfm.c,0.000000,0.000000
3,q3_bpol.c,q3_mmrm.c,0.000000,0.000000
3,q3_bpol.c,q3_mtd.c,0.000000,0.000000
3,q3_bpol.c,q3_rvm2.c,0.000000,0.000000
3,q3_bpol.c,q3_smbsa.c,0.000000,0.000000
3,q3_bpol.c,q3_vgjda2.c,0.000000,0.000000
3,q3_bpol.c,q3_wmsn.c,0.000000,0.000000
3,q3_bssah.c,q3_chccp.c,0.157407,0.971190
3,q3_bssah.c,q3_dfm.c,0.053476,0.815786
3,q3_bssah.c,q3_dgsx.c,0.173913,0.928453
3,q3_bssah.c,q3_dlc.c,0.000000,0.000000
3,q3_bssah.c,q3_dsob.c,0.033816,0.836886
3,q3_bssah.c,q3_fal.c,0.087558,0.927494
3,q3_bssah.c,q3_fcs.c,0.263158,0.991167
3,q3_bssah.c,q3_fem.c,0.175115,0.963777
3,q3_bssah.c,q3_gtc.c,0.233010,0.953077
3,q3_bssah.c,q3_igds.c,0.086957,0.913197
3,q3_bssah.c,q3_jagd.c,0.000000,0.000000
3,q3_bssah.c,q3_jcvg.c,0.169565,0.933544
3,q3_bssah.c,q3_jppp.c,0.159420,0.937628
3,q3_bssah.c,q3_lbas2.c,0.235897,0.979502
3,q3_bssah.c,q3_lgof.c,0.108108,0.909741
3,q3_bssah.c,q3_lrvo.c,0.119816,0.962672
3,q3_bssah.c,q3_mahf.c,0.157143,0.977079
3,q3_bssah.c,q3_maolf.c,0.156566,0.940539
3,q3_bssah.c,q3_meso.c,0.206897,0.902897
3,q3_bssah.c,q3_mfpc.c,0.239583,0.986097
3,q3_bssah.c,q3_mgfm.c,0.170616,0.915032
3,q3_bssah.c,q3_mmrm.c,0.172414,0.955306
3,q3_bssah.c,q3_mtd.c,0.185185,0.978640
3,q3_bssah.c,q3_rvm2.c,0.125000,0.976586
3,q3_bssah.c,q3_smbsa.c,0.172691,0.938766
3,q3_bssah.c,q3_vgjda2.c,0.169082,0.981576
3,q3_bssah.c,q3_wmsn.c,0.119658,0.944891
3,q3_chccp.c,q3_dfm.c,0.057292,0.835982
3,q3_chccp.c,q3_dgsx.c,0.152778,0.914932
3,q3_chccp.c,q3_dlc.c,0.000000,0.000000
3,q3_chccp.c,q3_dsob.c,0.032864,0.839768
3,q3_chccp.c,q3_fal.c,0.192118,0.956635
3,q3_chccp.c,q3_fcs.c,0.160377,0.973161
3,q3_chccp.c,q3_fem.c,0.242857,0.975970
3,q3_chccp.c,q3_gtc.c,0.125541,0.932306
3,q3_chccp.c,q3_igds.c,0.103448,0.916385
3,q3_chccp.c,q3_jagd.c,0.000000,0.000000
3,q3_chccp.c,q3_jcvg.c,0.136364,0.933159
3,q3_chccp.c,q3_jppp.c,0.138889,0.938673
3,q3_chccp.c,q3_lbas2.c,0.342391,0.982429
3,q3_chccp.c,q3_lgof.c,0.260000,0.931959
3,q3_chccp.c,q3_lrvo.c,0.111607,0.961650
3,q3_chccp.c,q3_mahf.c,0.208738,0.974370
3,q3_chccp.c,q3_maolf.c,0.236842,0.959692
3,q3_chccp.c,q3_meso.c,0.091304,0.932015
3,q3_chccp.c,q3_mfpc.c,0.190244,0.968373
3,q3_chccp.c,q3_mgfm.c,0.134529,0.918831
3,q3_chccp.c,q3_mmrm.c,0.124424,0.951305
3,q3_chccp.c,q3_mtd.c,0.357513,0.987717
3,q3_chccp.c,q3_rvm2.c,0.264706,0.990709
3,q3_chccp.c,q3_smbsa.c,0.128788,0.948745
3,q3_chccp.c,q3_vgjda2.c,0.209756,0.980168
3,q3_chccp.c,q3_wmsn.c,0.150215,0.972707
3,q3_dfm.c,q3_dgsx.c,0.037037,0.775276
3,q3_dfm.c,q3_dlc.c,0.000000,0.000000
3,q3_dfm.c,q3_dsob.c,0.227941,0.946204
3,q3_dfm.c,q3_fal.c,0.038462,0.805965
3,q3_dfm.c,q3_fcs.c,0.043243,0.819859
3,q3_dfm.c,q3_fem.c,0.050505,0.844168
3,q3_dfm.c,q3_gtc.c,0.040201,0.793838
3,q3_dfm.c,q3_igds.c,0.035714,0.771723
3,q3_dfm.c,q3_jagd.c,0.000000,0.000000
3,q3_dfm.c,q3_jcvg.c,0.047170,0.832286
3,q3_dfm.c,q3_jppp.c,0.037634,0.749772
3,q3_dfm.c,q3_lbas2.c,0.054348,0.850833
3,q3_dfm.c,q3_lgof.c,0.058511,0.819811
3,q3_dfm.c,q3_lrvo.c,0.037037,0.855473
3,q3_dfm.c,q3_mahf.c,0.053763,0.865261
3,q3_dfm.c,q3_maolf.c,0.058140,0.876374
3,q3_dfm.c,q3_meso.c,0.020619,0.753989
3,q3_dfm.c,q3_mfpc.c,0.038043,0.799620
3,q3_dfm.c,q3_mgfm.c,0.092896,0.808977
3,q3_dfm.c,q3_mmrm.c,0.038043,0.776256
3,q3_dfm.c,q3_mtd.c,0.039801,0.790505
3,q3_dfm.c,q3_rvm2.c,0.019900,0.821948
3,q3_dfm.c,q3_smbsa.c,0.029412,0.769217
3,q3_dfm.c,q3_vgjda2.c,0.059783,0.840871
3,q3_dfm.c,q3_wmsn.c,0.038647,0.827484
3,q3_dgsx.c,q3_dlc.c,0.000000,0.000000
3,q3_dgsx.c,q3_dsob.c,0.033981,0.815425
3,q3_dgsx.c,q3_fal.c,0.124402,0.880351
3,q3_dgsx.c,q3_fcs.c,0.189055,0.928968
3,q3_dgsx.c,q3_fem.c,0.186916,0.941706
3,q3_dgsx.c,q3_gtc.c,0.429379,0.981702
3,q3_dgsx.c,q3_igds.c,0.202899,0.970986
3,q3_dgsx.c,q3_jagd.c,0.000000,0.000000
3,q3_dgsx.c,q3_jcvg.c,0.212670,0.961025
3,q3_dgsx.c,q3_jppp.c,0.116822,0.895065
3,q3_dgsx.c,q3_lbas2.c,0.165049,0.927024
3,q3_dgsx.c,q3_lgof.c,0.177885,0.914769
3,q3_dgsx.c,q3_lrvo.c,0.090090,0.927925
3,q3_dgsx.c,q3_mahf.c,0.163462,0.924518
3,q3_dgsx.c,q3_maolf.c,0.187500,0.922710
3,q3_dgsx.c,q3_meso.c,0.145540,0.916701
3,q3_dgsx.c,q3_mfpc.c,0.338983,0.937395
3,q3_dgsx.c,q3_mgfm.c,0.177033,0.940635
3,q3_dgsx.c,q3_mmrm.c,0.128571,0.904244
3,q3_dgsx.c,q3_mtd.c,0.164384,0.906878
3,q3_dgsx.c,q3_rvm2.c,0.172897,0.932801
3,q3_dgsx.c,q3_smbsa.c,0.187755,0.945469
3,q3_dgsx.c,q3_vgjda2.c,0.261780,0.927734
3,q3_dgsx.c,q3_wmsn.c,0.273171,0.952627
3,q3_dlc.c,q3_dsob.c,0.000000,0.000000
3,q3_dlc.c,q3_fal.c,0.000000,0.000000
3,q3_dlc.c,q3_fcs.c,0.000000,0.000000
3,q3_dlc.c,q3_fem.c,0.000000,0.000000
3,q3_dlc.c,q3_gtc.c,0.000000,0.000000
3,q3_dlc.c,q3_igds.c,0.000000,0.000000
3,q3_dlc.c,q3_jagd.c,1.000000,1.000000
3,q3_dlc.c,q3_jcvg.c,0.000000,0.000000
3,q3_dlc.c,q3_jppp.c,0.000000,0.000000
3,q3_dlc.c,q3_lbas2.c,0.000000,0.000000
3,q3_dlc.c,q3_lgof.c,0.000000,0.000000
3,q3_dlc.c,q3_lrvo.c,0.000000,0.000000
3,q3_dlc.c,q3_mahf.c,0.000000,0.000000
3,q3_dlc.c,q3_maolf.c,0.000000,0.000000
3,q3_dlc.c,q3_meso.c,0.000000,0.000000
3,q3_dlc.c,q3_mfpc.c,0.000000,0.000000
3,q3_dlc.c,q3_mgfm.c,0.000000,0.000000
3,q3_dlc.c,q3_mmrm.c,0.000000,0.000000
3,q3_dlc.c,q3_mtd.c,0.000000,0.000000
3,q3_dlc.c,q3_rvm2.c,0.000000,0.000000
3,q3_dlc.c,q3_smbsa.c,0.000000,0.000000
3,q3_dlc.c,q3_vgjda2.c,0.000000,0.000000
3,q3_dlc.c,q3_wmsn.c,0.000000,0.000000
3,q3_dsob.c,q3_fal.c,0.035176,0.815938
3,q3_dsob.c,q3_fcs.c,0.034483,0.847306
3,q3_dsob.c,q3_fem.c,0.056338,0.851601
3,q3_dsob.c,q3_gtc.c,0.032258,0.835406
3,q3_dsob.c,q3_igds.c,0.032864,0.824076
3,q3_dsob.c,q3_jagd.c,0.000000,0.000000
3,q3_dsob.c,q3_jcvg.c,0.052863,0.875867
3,q3_dsob.c,q3_jppp.c,0.034483,0.802459
3,q3_dsob.c,q3_lbas2.c,0.034314,0.863858
3,q3_dsob.c,q3_lgof.c,0.033493,0.840516
3,q3_dsob.c,q3_lrvo.c,0.039024,0.859066
3,q3_dsob.c,q3_mahf.c,0.033981,0.883787
3,q3_dsob.c,q3_maolf.c,0.036458,0.879544
3,q3_dsob.c,q3_meso.c,0.014151,0.795997
3,q3_dsob.c,q3_mfpc.c,0.034826,0.833919
3,q3_dsob.c,q3_mgfm.c,0.038278,0.837381
3,q3_dsob.c,q3_mmrm.c,0.034826,0.819020
3,q3_dsob.c,q3_mtd.c,0.031963,0.803603
3,q3_dsob.c,q3_rvm2.c,0.013699,0.842650
3,q3_dsob.c,q3_smbsa.c,0.027451,0.812868
3,q3_dsob.c,q3_vgjda2.c,0.034146,0.861069
3,q3_dsob.c,q3_wmsn.c,0.031111,0.836959
3,q3_fal.c,q3_fcs.c,0.094340,0.935269
3,q3_fal.c,q3_fem.c,0.117647,0.928692
3,q3_fal.c,q3_gtc.c,0.078947,0.897946
3,q3_fal.c,q3_igds.c,0.273684,0.914270
3,q3_fal.c,q3_jagd.c,0.000000,0.000000
3,q3_fal.c,q3_jcvg.c,0.074074,0.886657
3,q3_fal.c,q3_jppp.c,0.240642,0.959398
3,q3_fal.c,q3_lbas2.c,0.099057,0.924883
3,q3_fal.c,q3_lgof.c,0.072072,0.894761
3,q3_fal.c,q3_lrvo.c,0.068182,0.923785
3,q3_fal.c,q3_mahf.c,0.082949,0.933857
3,q3_fal.c,q3_maolf.c,0.099502,0.917207
3,q3_fal.c,q3_meso.c,0.092166,0.893094
3,q3_fal.c,q3_mfpc.c,0.127451,0.930734
3,q3_fal.c,q3_mgfm.c,0.076577,0.895601
3,q3_fal.c,q3_mmrm.c,0.329480,0.968212
3,q3_fal.c,q3_mtd.c,0.169811,0.953929
3,q3_fal.c,q3_rvm2.c,0.277487,0.956041
3,q3_fal.c,q3_smbsa.c,0.079848,0.920354
3,q3_fal.c,q3_vgjda2.c,0.119617,0.946652
3,q3_fal.c,q3_wmsn.c,0.133929,0.923128
3,q3_fcs.c,q3_fem.c,0.167442,0.957076
3,q3_fcs.c,q3_gtc.c,0.302083,0.952947
3,q3_fcs.c,q3_igds.c,0.083700,0.919982
3,q3_fcs.c,q3_jagd.c,0.000000,0.000000
3,q3_fcs.c,q3_jcvg.c,0.199095,0.937247
3,q3_fcs.c,q3_jppp.c,0.174129,0.953560
3,q3_fcs.c,q3_lbas2.c,0.288043,0.984186
3,q3_fcs.c,q3_lgof.c,0.110092,0.910369
3,q3_fcs.c,q3_lrvo.c,0.111628,0.952416
3,q3_fcs.c,q3_mahf.c,0.219388,0.976872
3,q3_fcs.c,q3_maolf.c,0.184211,0.944775
3,q3_fcs.c,q3_meso.c,0.229592,0.923271
3,q3_fcs.c,q3_mfpc.c,0.426829,0.991523
3,q3_fcs.c,q3_mgfm.c,0.157143,0.910074
3,q3_fcs.c,q3_mmrm.c,0.170000,0.964450
3,q3_fcs.c,q3_mtd.c,0.247525,0.969142
3,q3_fcs.c,q3_rvm2.c,0.175355,0.979192
3,q3_fcs.c,q3_smbsa.c,0.205021,0.947119
3,q3_fcs.c,q3_vgjda2.c,0.246073,0.988151
3,q3_fcs.c,q3_wmsn.c,0.172727,0.948510
3,q3_fem.c,q3_gtc.c,0.221198,0.954705
3,q3_fem.c,q3_igds.c,0.120172,0.933521
3,q3_fem.c,q3_jagd.c,0.000000,0.000000
3,q3_fem.c,q3_jcvg.c,0.261261,0.964658
3,q3_fem.c,q3_jppp.c,0.086580,0.920663
3,q3_fem.c,q3_lbas2.c,0.260000,0.969945
3,q3_fem.c,q3_lgof.c,0.168182,0.925689
3,q3_fem.c,q3_lrvo.c,0.165138,0.971895
3,q3_fem.c,q3_mahf.c,0.144144,0.969399
3,q3_fem.c,q3_maolf.c,0.200000,0.954037
3,q3_fem.c,q3_meso.c,0.137778,0.911072
3,q3_fem.c,q3_mfpc.c,0.147465,0.949793
3,q3_fem.c,q3_mgfm.c,0.151786,0.941349
3,q3_fem.c,q3_mmrm.c,0.087336,0.930489
3,q3_fem.c,q3_mtd.c,0.197309,0.964197
3,q3_fem.c,q3_rvm2.c,0.148472,0.975154
3,q3_fem.c,q3_smbsa.c,0.113971,0.929634
3,q3_fem.c,q3_vgjda2.c,0.150000,0.968892
3,q3_fem.c,q3_wmsn.c,0.151899,0.976884
3,q3_gtc.c,q3_igds.c,0.209302,0.976073
3,q3_gtc.c,q3_jagd.c,0.000000,0.000000
3,q3_gtc.c,q3_jcvg.c,0.192308,0.972265
3,q3_gtc.c,q3_jppp.c,0.082251,0.913779
3,q3_gtc.c,q3_lbas2.c,0.195238,0.941894
3,q3_gtc.c,q3_lgof.c,0.122807,0.908442
3,q3_gtc.c,q3_lrvo.c,0.085837,0.940907
3,q3_gtc.c,q3_mahf.c,0.150000,0.938939
3,q3_gtc.c,q3_maolf.c,0.171569,0.931542
3,q3_gtc.c,q3_meso.c,0.335079,0.915905
3,q3_gtc.c,q3_mfpc.c,0.153488,0.942525
3,q3_gtc.c,q3_mgfm.c,0.157658,0.935132
3,q3_gtc.c,q3_mmrm.c,0.082969,0.928164
3,q3_gtc.c,q3_mtd.c,0.192825,0.929157
3,q3_gtc.c,q3_rvm2.c,0.134199,0.951828
3,q3_gtc.c,q3_smbsa.c,0.179688,0.944635
3,q3_gtc.c,q3_vgjda2.c,0.166667,0.949476
3,q3_gtc.c,q3_wmsn.c,0.271028,0.961454
3,q3_igds.c,q3_jagd.c,0.000000,0.000000
3,q3_igds.c,q3_jcvg.c,0.074219,0.953626
3,q3_igds.c,q3_jppp.c,0.223881,0.937530
3,q3_igds.c,q3_lbas2.c,0.083333,0.912669
3,q3_igds.c,q3_lgof.c,0.086207,0.920514
3,q3_igds.c,q3_lrvo.c,0.055085,0.923926
3,q3_igds.c,q3_mahf.c,0.064103,0.918860
3,q3_igds.c,q3_maolf.c,0.082949,0.927782
3,q3_igds.c,q3_meso.c,0.091304,0.921227
3,q3_igds.c,q3_mfpc.c,0.129630,0.920169
3,q3_igds.c,q3_mgfm.c,0.067511,0.943684
3,q3_igds.c,q3_mmrm.c,0.311828,0.944977
3,q3_igds.c,q3_mtd.c,0.078189,0.904458
3,q3_igds.c,q3_rvm2.c,0.097872,0.934869
3,q3_igds.c,q3_smbsa.c,0.053004,0.939902
3,q3_igds.c,q3_vgjda2.c,0.097345,0.923309
3,q3_igds.c,q3_wmsn.c,0.175439,0.944973
3,q3_jagd.c,q3_jcvg.c,0.000000,0.000000
3,q3_jagd.c,q3_jppp.c,0.000000,0.000000
3,q3_jagd.c,q3_lbas2.c,0.000000,0.000000
3,q3_jagd.c,q3_lgof.c,0.000000,0.000000
3,q3_jagd.c,q3_lrvo.c,0.000000,0.000000
3,q3_jagd.c,q3_mahf.c,0.000000,0.000000
3,q3_jagd.c,q3_maolf.c,0.000000,0.000000
3,q3_jagd.c,q3_meso.c,0.000000,0.000000
3,q3_jagd.c,q3_mfpc.c,0.000000,0.000000
3,q3_jagd.c,q3_mgfm.c,0.000000,0.000000
3,q3_jagd.c,q3_mmrm.c,0.000000,0.000000
3,q3_jagd.c,q3_mtd.c,0.000000,0.000000
3,q3_jagd.c,q3_rvm2.c,0.000000,0.000000
3,q3_jagd.c,q3_smbsa.c,0.000000,0.000000
3,q3_jagd.c,q3_vgjda2.c,0.000000,0.000000
3,q3_jagd.c,q3_wmsn.c,0.000000,0.000000
3,q3_jcvg.c,q3_jppp.c,0.077236,0.897360
3,q3_jcvg.c,q3_lbas2.c,0.237209,0.950293
3,q3_jcvg.c,q3_lgof.c,0.119835,0.934364
3,q3_jcvg.c,q3_lrvo.c,0.160173,0.942350
3,q3_jcvg.c,q3_mahf.c,0.185841,0.953276
3,q3_jcvg.c,q3_maolf.c,0.159817,0.950727
3,q3_jcvg.c,q3_meso.c,0.129707,0.929193
3,q3_jcvg.c,q3_mfpc.c,0.184685,0.925457
3,q3_jcvg.c,q3_mgfm.c,0.152542,0.950662
3,q3_jcvg.c,q3_mmrm.c,0.077869,0.906335
3,q3_jcvg.c,q3_mtd.c,0.137652,0.914576
3,q3_jcvg.c,q3_rvm2.c,0.103586,0.937658
3,q3_jcvg.c,q3_smbsa.c,0.120141,0.927535
3,q3_jcvg.c,q3_vgjda2.c,0.219178,0.947957
3,q3_jcvg.c,q3_wmsn.c,0.108108,0.964432
3,q3_jppp.c,q3_lbas2.c,0.112676,0.930436
3,q3_jppp.c,q3_lgof.c,0.070796,0.891610
3,q3_jppp.c,q3_lrvo.c,0.071749,0.915903
3,q3_jppp.c,q3_mahf.c,0.086364,0.938242
3,q3_jppp.c,q3_maolf.c,0.092233,0.907797
3,q3_jppp.c,q3_meso.c,0.095455,0.913388
3,q3_jppp.c,q3_mfpc.c,0.238095,0.954843
3,q3_jppp.c,q3_mgfm.c,0.080000,0.900237
3,q3_jppp.c,q3_mmrm.c,0.708029,0.994895
3,q3_jppp.c,q3_mtd.c,0.095652,0.940947
3,q3_jppp.c,q3_rvm2.c,0.112108,0.949482
3,q3_jppp.c,q3_smbsa.c,0.090909,0.923686
3,q3_jppp.c,q3_vgjda2.c,0.127962,0.950435
3,q3_jppp.c,q3_wmsn.c,0.066116,0.910822
3,q3_lbas2.c,q3_lgof.c,0.197044,0.941223
3,q3_lbas2.c,q3_lrvo.c,0.132075,0.968109
3,q3_lbas2.c,q3_mahf.c,0.290323,0.984155
3,q3_lbas2.c,q3_maolf.c,0.353293,0.976934
3,q3_lbas2.c,q3_meso.c,0.241026,0.949128
3,q3_lbas2.c,q3_mfpc.c,0.236842,0.975843
3,q3_lbas2.c,q3_mgfm.c,0.145540,0.919461
3,q3_lbas2.c,q3_mmrm.c,0.113744,0.942330
3,q3_lbas2.c,q3_mtd.c,0.310881,0.968509
3,q3_lbas2.c,q3_rvm2.c,0.116592,0.971111
3,q3_lbas2.c,q3_smbsa.c,0.124514,0.931168
3,q3_lbas2.c,q3_vgjda2.c,0.271277,0.991356
3,q3_lbas2.c,q3_wmsn.c,0.106838,0.960214
3,q3_lgof.c,q3_lrvo.c,0.189320,0.939166
3,q3_lgof.c,q3_mahf.c,0.303191,0.955799
3,q3_lgof.c,q3_maolf.c,0.358824,0.975144
3,q3_lgof.c,q3_meso.c,0.078603,0.931213
3,q3_lgof.c,q3_mfpc.c,0.137441,0.912818
3,q3_lgof.c,q3_mgfm.c,0.406780,0.970892
3,q3_lgof.c,q3_mmrm.c,0.066667,0.907843
3,q3_lgof.c,q3_mtd.c,0.126638,0.903630
3,q3_lgof.c,q3_rvm2.c,0.175926,0.907593
3,q3_lgof.c,q3_smbsa.c,0.088889,0.904472
3,q3_lgof.c,q3_vgjda2.c,0.190244,0.939178
3,q3_lgof.c,q3_wmsn.c,0.183857,0.921714
3,q3_lrvo.c,q3_mahf.c,0.192118,0.976409
3,q3_lrvo.c,q3_maolf.c,0.163265,0.966471
3,q3_lrvo.c,q3_meso.c,0.089286,0.894914
3,q3_lrvo.c,q3_mfpc.c,0.107477,0.945456
3,q3_lrvo.c,q3_mgfm.c,0.230000,0.945598
3,q3_lrvo.c,q3_mmrm.c,0.072398,0.934390
3,q3_lrvo.c,q3_mtd.c,0.089744,0.949278
3,q3_lrvo.c,q3_rvm2.c,0.135747,0.957875
3,q3_lrvo.c,q3_smbsa.c,0.065934,0.911725
3,q3_lrvo.c,q3_vgjda2.c,0.158654,0.970353
3,q3_lrvo.c,q3_wmsn.c,0.078512,0.945510
3,q3_mahf.c,q3_maolf.c,0.317919,0.970938
3,q3_mahf.c,q3_meso.c,0.089286,0.915277
3,q3_mahf.c,q3_mfpc.c,0.190955,0.972980
3,q3_mahf.c,q3_mgfm.c,0.308511,0.958916
3,q3_mahf.c,q3_mmrm.c,0.087156,0.951893
3,q3_mahf.c,q3_mtd.c,0.225962,0.960079
3,q3_mahf.c,q3_rvm2.c,0.183962,0.968760
3,q3_mahf.c,q3_smbsa.c,0.119231,0.930798
3,q3_mahf.c,q3_vgjda2.c,0.302703,0.987493
3,q3_mahf.c,q3_wmsn.c,0.125000,0.947691
3,q3_maolf.c,q3_meso.c,0.204188,0.951074
3,q3_maolf.c,q3_mfpc.c,0.149485,0.935092
3,q3_maolf.c,q3_mgfm.c,0.274725,0.944533
3,q3_maolf.c,q3_mmrm.c,0.093137,0.925534
3,q3_maolf.c,q3_mtd.c,0.205000,0.931336
3,q3_maolf.c,q3_rvm2.c,0.234375,0.938584
3,q3_maolf.c,q3_smbsa.c,0.139918,0.912402
3,q3_maolf.c,q3_vgjda2.c,0.240437,0.969226
3,q3_maolf.c,q3_wmsn.c,0.154206,0.949170
3,q3_meso.c,q3_mfpc.c,0.101382,0.921697
3,q3_meso.c,q3_mgfm.c,0.107143,0.883986
3,q3_meso.c,q3_mmrm.c,0.096330,0.912730
3,q3_meso.c,q3_mtd.c,0.132159,0.918570
3,q3_meso.c,q3_rvm2.c,0.150000,0.912861
3,q3_meso.c,q3_smbsa.c,0.126923,0.918693
3,q3_meso.c,q3_vgjda2.c,0.104545,0.939052
3,q3_meso.c,q3_wmsn.c,0.105042,0.935496
3,q3_mfpc.c,q3_mgfm.c,0.136792,0.914841
3,q3_mfpc.c,q3_mmrm.c,0.281768,0.962775
3,q3_mfpc.c,q3_mtd.c,0.162791,0.967804
3,q3_mfpc.c,q3_rvm2.c,0.149533,0.976606
3,q3_mfpc.c,q3_smbsa.c,0.196653,0.958356
3,q3_mfpc.c,q3_vgjda2.c,0.318436,0.976001
3,q3_mfpc.c,q3_wmsn.c,0.122807,0.942445
3,q3_mgfm.c,q3_mmrm.c,0.080717,0.913256
3,q3_mgfm.c,q3_mtd.c,0.135965,0.897365
3,q3_mgfm.c,q3_rvm2.c,0.186047,0.917663
3,q3_mgfm.c,q3_smbsa.c,0.143411,0.910167
3,q3_mgfm.c,q3_vgjda2.c,0.183575,0.932245
3,q3_mgfm.c,q3_wmsn.c,0.157205,0.923503
3,q3_mmrm.c,q3_mtd.c,0.096491,0.954226
3,q3_mmrm.c,q3_rvm2.c,0.123288,0.960409
3,q3_mmrm.c,q3_smbsa.c,0.100000,0.932687
3,q3_mmrm.c,q3_vgjda2.c,0.151220,0.961620
3,q3_mmrm.c,q3_wmsn.c,0.075630,0.918658
3,q3_mtd.c,q3_rvm2.c,0.205479,0.983418
3,q3_mtd.c,q3_smbsa.c,0.147170,0.942256
3,q3_mtd.c,q3_vgjda2.c,0.209524,0.971828
3,q3_mtd.c,q3_wmsn.c,0.156118,0.955653
3,q3_rvm2.c,q3_smbsa.c,0.127820,0.961909
3,q3_rvm2.c,q3_vgjda2.c,0.173709,0.975741
3,q3_rvm2.c,q3_wmsn.c,0.244240,0.973154
3,q3_smbsa.c,q3_vgjda2.c,0.124031,0.931540
3,q3_smbsa.c,q3_wmsn.c,0.099291,0.953060
3,q3_vgjda2.c,q3_wmsn.c,0.155556,0.953330
